task,variant,feature_map,n_qubits,seed,acc_quantum,quantum_advantage,acc_rbf,acc_rff,acc_linear,acc_poly,best_classical,best_gamma,effective_rank,participation_ratio,spectral_entropy,concentration_index,rank_ratio,top5_energy,gap_ratio,power_law_exponent
harmonic,angle_d1,angle,5,0,0.4166666666666667,-0.22222222222222215,0.6388888888888888,0.5833333333333334,0.4722222222222222,0.5,0.6388888888888888,2.0,8.732078436035222,8.732078436035222,3.9534807483989347,0.896046685285295,0.9642857142857143,0.6215518652167088,0.7083228588532321,4.186222918921958
harmonic,angle_d2,angle,5,0,0.4166666666666667,-0.22222222222222215,0.6388888888888888,0.5833333333333334,0.4722222222222222,0.5,0.6388888888888888,2.0,8.732078436035222,8.732078436035222,3.9534807483989347,0.896046685285295,0.9642857142857143,0.6215518652167088,0.7083228588532321,4.186222918921958
harmonic,angle_d3,angle,5,0,0.4166666666666667,-0.22222222222222215,0.6388888888888888,0.5833333333333334,0.4722222222222222,0.5,0.6388888888888888,2.0,8.732078436035222,8.732078436035222,3.9534807483989347,0.896046685285295,0.9642857142857143,0.6215518652167088,0.7083228588532321,4.186222918921958
harmonic,iqp_d1,iqp,5,0,0.5,-0.13888888888888884,0.6388888888888888,0.5833333333333334,0.4722222222222222,0.5,0.6388888888888888,2.0,16.7972769974216,16.79727699742161,4.966084865366849,0.8000324166973619,1.0,0.41290968315506227,0.7416816418874875,1.9041853736280818
harmonic,iqp_d2,iqp,5,0,0.6388888888888888,0.0,0.6388888888888888,0.5833333333333334,0.4722222222222222,0.5,0.6388888888888888,2.0,19.68642450210604,19.686424502106043,5.169487710381256,0.7656378035463567,1.0,0.3765374556427883,0.724781416064682,1.661258248926421
harmonic,iqp_d3,iqp,5,0,0.5277777777777778,-0.11111111111111105,0.6388888888888888,0.5833333333333334,0.4722222222222222,0.5,0.6388888888888888,2.0,22.86333378609152,22.863333786091534,5.3035824529176345,0.7278174549274818,1.0,0.35215287595228034,0.6895638571362578,1.4756374774031868
harmonic,var_d2_e1,variational,5,0,0.5555555555555556,-0.08333333333333326,0.6388888888888888,0.5833333333333334,0.4722222222222222,0.5,0.6388888888888888,2.0,6.417526660351464,6.417526660351461,3.925228372189777,0.923600873091054,1.0,0.6155154369331955,0.824339501788352,2.469703333975148
harmonic,var_d2_e03,variational,5,0,0.5833333333333334,-0.05555555555555547,0.6388888888888888,0.5833333333333334,0.4722222222222222,0.5,0.6388888888888888,2.0,4.528162179689993,4.528162179689991,3.467107515269965,0.9460933073846429,1.0,0.6700296418721228,0.8701166150225376,2.6267559061339827
harmonic,var_d3_e1,variational,5,0,0.6111111111111112,-0.02777777777777768,0.6388888888888888,0.5833333333333334,0.4722222222222222,0.5,0.6388888888888888,2.0,9.464238190417813,9.464238190417817,4.3944582409007955,0.8873304977331212,1.0,0.5146464689932002,0.8055753562853716,2.1674018654026614
harmonic,highd_d2_f15,high_dim,5,0,0.4722222222222222,-0.16666666666666663,0.6388888888888888,0.5833333333333334,0.4722222222222222,0.5,0.6388888888888888,2.0,43.56337543025231,43.56337543025232,5.895481352231412,0.4813883877350916,1.0,0.2334853431224022,0.5900513324310857,0.8428126994254366
harmonic,highd_d2_f30,high_dim,5,0,0.4444444444444444,-0.19444444444444442,0.6388888888888888,0.5833333333333334,0.4722222222222222,0.5,0.6388888888888888,2.0,54.59850293884072,54.598502938840696,6.071023784852497,0.3500178221566581,1.0,0.18092284778402115,0.5975636109177893,0.6835343574848526
harmonic,highd_d3_f15,high_dim,5,0,0.4722222222222222,-0.16666666666666663,0.6388888888888888,0.5833333333333334,0.4722222222222222,0.5,0.6388888888888888,2.0,43.563375430252314,43.563375430252314,5.895481352231414,0.4813883877350915,1.0,0.23348534312240218,0.5900513324310855,0.8428126994254364
harmonic,angle_d1,angle,5,1,0.4444444444444444,-0.05555555555555558,0.4722222222222222,0.5,0.4444444444444444,0.4722222222222222,0.5,0.05,8.473998123081843,8.473998123081843,3.985972365811728,0.8991190699633114,0.9642857142857143,0.6093450142343342,0.7506710616484378,4.251457903410878
harmonic,angle_d2,angle,5,1,0.4444444444444444,-0.05555555555555558,0.4722222222222222,0.5,0.4444444444444444,0.4722222222222222,0.5,0.05,8.473998123081843,8.473998123081843,3.985972365811728,0.8991190699633114,0.9642857142857143,0.6093450142343342,0.7506710616484378,4.251457903410878
harmonic,angle_d3,angle,5,1,0.4444444444444444,-0.05555555555555558,0.4722222222222222,0.5,0.4444444444444444,0.4722222222222222,0.5,0.05,8.473998123081843,8.473998123081843,3.985972365811728,0.8991190699633114,0.9642857142857143,0.6093450142343342,0.7506710616484378,4.251457903410878
harmonic,iqp_d1,iqp,5,1,0.4444444444444444,-0.05555555555555558,0.4722222222222222,0.5,0.4444444444444444,0.4722222222222222,0.5,0.05,14.239447402341705,14.239447402341698,4.843819214735449,0.8304827690197416,1.0,0.4419783807186671,0.7601080012587397,2.041970908000717
harmonic,iqp_d2,iqp,5,1,0.3888888888888889,-0.1111111111111111,0.4722222222222222,0.5,0.4444444444444444,0.4722222222222222,0.5,0.05,18.783797168191388,18.783797168191377,5.126772695420866,0.7763833670453406,1.0,0.3840701545887548,0.7023763939236303,1.8231025231261837
harmonic,iqp_d3,iqp,5,1,0.4444444444444444,-0.05555555555555558,0.4722222222222222,0.5,0.4444444444444444,0.4722222222222222,0.5,0.05,20.59018055777617,20.590180557776165,5.237215091091449,0.7548788028836171,1.0,0.36917552171579365,0.6864989046035496,1.593474282331712
harmonic,var_d2_e1,variational,5,1,0.4722222222222222,-0.02777777777777779,0.4722222222222222,0.5,0.4444444444444444,0.4722222222222222,0.5,0.05,6.43661022564975,6.436610225649747,3.9789246392634814,0.9233736877898839,1.0,0.6023390342542709,0.8239251786169668,2.548607180694076
harmonic,var_d2_e03,variational,5,1,0.4722222222222222,-0.02777777777777779,0.4722222222222222,0.5,0.4444444444444444,0.4722222222222222,0.5,0.05,4.966315110928305,4.966315110928304,3.6528657313705555,0.9408772010603773,1.0,0.6372793657098266,0.8616048309756378,2.632107964992931
harmonic,var_d3_e1,variational,5,1,0.4166666666666667,-0.08333333333333331,0.4722222222222222,0.5,0.4444444444444444,0.4722222222222222,0.5,0.05,9.294279947752287,9.29427994775228,4.428087023960842,0.8893538101458061,1.0,0.4992292418531932,0.8285388808620002,2.261221024381615
harmonic,highd_d2_f15,high_dim,5,1,0.4722222222222222,-0.02777777777777779,0.4722222222222222,0.5,0.4444444444444444,0.4722222222222222,0.5,0.05,47.470571866168534,47.470571866168534,5.967732969507414,0.43487414445037464,1.0,0.21561274549611367,0.5952342511287789,0.7789907143022406
harmonic,highd_d2_f30,high_dim,5,1,0.4722222222222222,-0.02777777777777779,0.4722222222222222,0.5,0.4444444444444444,0.4722222222222222,0.5,0.05,55.610859053425095,55.6108590534251,6.077237405970301,0.3379659636497012,1.0,0.1766381888560494,0.6027630382408332,0.6832834219691811
harmonic,highd_d3_f15,high_dim,5,1,0.4722222222222222,-0.02777777777777779,0.4722222222222222,0.5,0.4444444444444444,0.4722222222222222,0.5,0.05,47.470571866168555,47.47057186616854,5.967732969507414,0.4348741444503743,1.0,0.21561274549611364,0.5952342511287789,0.7789907143022408
harmonic,angle_d1,angle,5,2,0.5833333333333334,0.0,0.5833333333333334,0.5833333333333334,0.5833333333333334,0.4722222222222222,0.5833333333333334,0.05,10.063580024754168,10.06358002475417,4.147310100888561,0.8801954758957837,0.9642857142857143,0.572783860319311,0.7008683986256975,4.059340952318666
harmonic,angle_d2,angle,5,2,0.5833333333333334,0.0,0.5833333333333334,0.5833333333333334,0.5833333333333334,0.4722222222222222,0.5833333333333334,0.05,10.063580024754168,10.06358002475417,4.147310100888561,0.8801954758957837,0.9642857142857143,0.572783860319311,0.7008683986256975,4.059340952318666
harmonic,angle_d3,angle,5,2,0.5833333333333334,0.0,0.5833333333333334,0.5833333333333334,0.5833333333333334,0.4722222222222222,0.5833333333333334,0.05,10.063580024754168,10.06358002475417,4.147310100888561,0.8801954758957837,0.9642857142857143,0.572783860319311,0.7008683986256975,4.059340952318666
harmonic,iqp_d1,iqp,5,2,0.4722222222222222,-0.11111111111111116,0.5833333333333334,0.5833333333333334,0.5833333333333334,0.4722222222222222,0.5833333333333334,0.05,16.187970959056074,16.187970959056074,4.99005825756889,0.8072860600112373,1.0,0.41439376762756674,0.744801260587723,1.9837136898209193
harmonic,iqp_d2,iqp,5,2,0.5833333333333334,0.0,0.5833333333333334,0.5833333333333334,0.5833333333333334,0.4722222222222222,0.5833333333333334,0.05,20.682270813893076,20.68227081389308,5.178337706491961,0.7537824903107967,1.0,0.3780841392444895,0.6696002468061086,1.7731669816927342
harmonic,iqp_d3,iqp,5,2,0.5833333333333334,0.0,0.5833333333333334,0.5833333333333334,0.5833333333333334,0.4722222222222222,0.5833333333333334,0.05,22.71539060961923,22.715390609619238,5.302397806098088,0.7295786832188187,1.0,0.3541841826865423,0.6719337261952172,1.5386260367102564
harmonic,var_d2_e1,variational,5,2,0.5,-0.08333333333333337,0.5833333333333334,0.5833333333333334,0.5833333333333334,0.4722222222222222,0.5833333333333334,0.05,7.857408153046945,7.8574081530469435,4.190940046290002,0.9064594267494411,1.0,0.556385175733437,0.8134242226158429,2.3914372644540243
harmonic,var_d2_e03,variational,5,2,0.3333333333333333,-0.25000000000000006,0.5833333333333334,0.5833333333333334,0.5833333333333334,0.4722222222222222,0.5833333333333334,0.05,5.910576181080689,5.91057618108069,3.820377073949426,0.9296359978442775,1.0,0.607665454738371,0.8473796211846014,2.4723235520442612
harmonic,var_d3_e1,variational,5,2,0.5833333333333334,0.0,0.5833333333333334,0.5833333333333334,0.5833333333333334,0.4722222222222222,0.5833333333333334,0.05,11.587539816551935,11.587539816551926,4.635085922188566,0.8620530974220008,1.0,0.46019190356413486,0.8051262010809527,2.0823412687845217
harmonic,highd_d2_f15,high_dim,5,2,0.4444444444444444,-0.13888888888888895,0.5833333333333334,0.5833333333333334,0.5833333333333334,0.4722222222222222,0.5833333333333334,0.05,46.61215277384096,46.61215277384095,5.940437672518154,0.4450934193590361,1.0,0.21712923624832567,0.6035645526847185,0.8119468375497229
harmonic,highd_d2_f30,high_dim,5,2,0.4722222222222222,-0.11111111111111116,0.5833333333333334,0.5833333333333334,0.5833333333333334,0.4722222222222222,0.5833333333333334,0.05,56.56091671164512,56.560916711645135,6.085910774238132,0.3266557534327962,1.0,0.17177906430575546,0.5809105433530958,0.6780696177116945
harmonic,highd_d3_f15,high_dim,5,2,0.4444444444444444,-0.13888888888888895,0.5833333333333334,0.5833333333333334,0.5833333333333334,0.4722222222222222,0.5833333333333334,0.05,46.612152773840954,46.61215277384097,5.940437672518154,0.44509341935903624,1.0,0.21712923624832553,0.6035645526847181,0.811946837549723
periodic_coupled,angle_d1,angle,5,0,0.4722222222222222,0.0,0.4722222222222222,0.4722222222222222,0.4166666666666667,0.4444444444444444,0.4722222222222222,0.05,10.09663842284534,10.096638422845336,4.147239757103928,0.8798019235375555,0.9642857142857143,0.5731895437207487,0.714279192312934,3.924050228429127
periodic_coupled,angle_d2,angle,5,0,0.4722222222222222,0.0,0.4722222222222222,0.4722222222222222,0.4166666666666667,0.4444444444444444,0.4722222222222222,0.05,10.09663842284534,10.096638422845336,4.147239757103928,0.8798019235375555,0.9642857142857143,0.5731895437207487,0.714279192312934,3.924050228429127
periodic_coupled,angle_d3,angle,5,0,0.4722222222222222,0.0,0.4722222222222222,0.4722222222222222,0.4166666666666667,0.4444444444444444,0.4722222222222222,0.05,10.09663842284534,10.096638422845336,4.147239757103928,0.8798019235375555,0.9642857142857143,0.5731895437207487,0.714279192312934,3.924050228429127
periodic_coupled,iqp_d1,iqp,5,0,0.4722222222222222,0.0,0.4722222222222222,0.4722222222222222,0.4166666666666667,0.4444444444444444,0.4722222222222222,0.05,17.809458066989368,17.80945806698937,5.018645189560968,0.7879826420596504,1.0,0.4072205221389417,0.7173165566903018,1.8768891715363816
periodic_coupled,iqp_d2,iqp,5,0,0.6388888888888888,0.16666666666666663,0.4722222222222222,0.4722222222222222,0.4166666666666667,0.4444444444444444,0.4722222222222222,0.05,18.44072232549998,18.44072232549999,5.1061159191588015,0.7804675913630955,1.0,0.39381038026823656,0.7281041525818893,1.7266514085394205
periodic_coupled,iqp_d3,iqp,5,0,0.5555555555555556,0.08333333333333337,0.4722222222222222,0.4722222222222222,0.4166666666666667,0.4444444444444444,0.4722222222222222,0.05,23.359388177551928,23.35938817755193,5.324214297692017,0.7219120455053342,1.0,0.3451144746030432,0.7207800117388461,1.4626746041193466
periodic_coupled,var_d2_e1,variational,5,0,0.4722222222222222,0.0,0.4722222222222222,0.4722222222222222,0.4166666666666667,0.4444444444444444,0.4722222222222222,0.05,7.463732353918718,7.4637323539187195,4.1196302903095825,0.9111460434057296,1.0,0.5775752139858054,0.8021353278950291,2.3823043986833072
periodic_coupled,var_d2_e03,variational,5,0,0.5,0.02777777777777779,0.4722222222222222,0.4722222222222222,0.4166666666666667,0.4444444444444444,0.4722222222222222,0.05,5.2162751767667315,5.216275176766732,3.6772045273044824,0.9379014859908722,1.0,0.6386133352085714,0.8567307461745929,2.577178947989961
periodic_coupled,var_d3_e1,variational,5,0,0.5,0.02777777777777779,0.4722222222222222,0.4722222222222222,0.4166666666666667,0.4444444444444444,0.4722222222222222,0.05,11.208026014969255,11.208026014969251,4.592231872048582,0.8665711188694136,1.0,0.47703052046206273,0.7945945408818446,2.033640250430878
periodic_coupled,highd_d2_f15,high_dim,5,0,0.4722222222222222,0.0,0.4722222222222222,0.4722222222222222,0.4166666666666667,0.4444444444444444,0.4722222222222222,0.05,46.2723404487568,46.272340448756786,5.946760225687849,0.4491388041814667,1.0,0.22097221224548758,0.5852537080036812,0.7945749309120262
periodic_coupled,highd_d2_f30,high_dim,5,0,0.3888888888888889,-0.08333333333333331,0.4722222222222222,0.4722222222222222,0.4166666666666667,0.4444444444444444,0.4722222222222222,0.05,56.56777394518012,56.5677739451801,6.097847071013832,0.32657411970023664,1.0,0.17389377805576559,0.5803632115558116,0.6538014001550254
periodic_coupled,highd_d3_f15,high_dim,5,0,0.4722222222222222,0.0,0.4722222222222222,0.4722222222222222,0.4166666666666667,0.4444444444444444,0.4722222222222222,0.05,46.27234044875682,46.272340448756815,5.946760225687847,0.44913880418146646,1.0,0.2209722122454875,0.5852537080036814,0.7945749309120264
periodic_coupled,angle_d1,angle,5,1,0.5833333333333334,0.08333333333333337,0.5,0.4722222222222222,0.4722222222222222,0.5,0.5,0.05,8.376931730667835,8.376931730667838,3.9434515155879124,0.9002746222539544,0.9642857142857143,0.622230173011982,0.7527557492955288,4.229686344900623
periodic_coupled,angle_d2,angle,5,1,0.5833333333333334,0.08333333333333337,0.5,0.4722222222222222,0.4722222222222222,0.5,0.5,0.05,8.376931730667835,8.376931730667838,3.9434515155879124,0.9002746222539544,0.9642857142857143,0.622230173011982,0.7527557492955288,4.229686344900623
periodic_coupled,angle_d3,angle,5,1,0.5833333333333334,0.08333333333333337,0.5,0.4722222222222222,0.4722222222222222,0.5,0.5,0.05,8.376931730667835,8.376931730667838,3.9434515155879124,0.9002746222539544,0.9642857142857143,0.622230173011982,0.7527557492955288,4.229686344900623
periodic_coupled,iqp_d1,iqp,5,1,0.4166666666666667,-0.08333333333333331,0.5,0.4722222222222222,0.4722222222222222,0.5,0.5,0.05,14.15114790801956,14.151147908019563,4.828333485221389,0.8315339534759576,1.0,0.4466358825313873,0.7351419352286757,2.0639490059528276
periodic_coupled,iqp_d2,iqp,5,1,0.3888888888888889,-0.1111111111111111,0.5,0.4722222222222222,0.4722222222222222,0.5,0.5,0.05,18.848132105526247,18.848132105526254,5.102160009881024,0.7756174749342113,1.0,0.3958222440322883,0.6958208329328721,1.7991630930715505
periodic_coupled,iqp_d3,iqp,5,1,0.4166666666666667,-0.08333333333333331,0.5,0.4722222222222222,0.4722222222222222,0.5,0.5,0.05,21.49844435949962,21.49844435949963,5.281115462929376,0.7440661385773855,1.0,0.3573014649780674,0.6976410902759848,1.5528904927218465
periodic_coupled,var_d2_e1,variational,5,1,0.3611111111111111,-0.1388888888888889,0.5,0.4722222222222222,0.4722222222222222,0.5,0.5,0.05,6.372303509516961,6.372303509516963,3.930805977427939,0.9241392439343219,1.0,0.6128331081757541,0.8372496211444508,2.595695924243215
periodic_coupled,var_d2_e03,variational,5,1,0.4166666666666667,-0.08333333333333331,0.5,0.4722222222222222,0.4722222222222222,0.5,0.5,0.05,4.731166044432187,4.731166044432187,3.552093730326987,0.9436765947091407,1.0,0.6610676475474807,0.8624323892769602,2.715716650302434
periodic_coupled,var_d3_e1,variational,5,1,0.5,0.0,0.5,0.4722222222222222,0.4722222222222222,0.5,0.5,0.05,9.149606449879576,9.149606449879581,4.388293864069663,0.8910761136919099,1.0,0.5081055607559813,0.8313822408870984,2.26952368466696
periodic_coupled,highd_d2_f15,high_dim,5,1,0.5833333333333334,0.08333333333333337,0.5,0.4722222222222222,0.4722222222222222,0.5,0.5,0.05,45.814592109890214,45.81459210989018,5.931535435177976,0.4545881891679736,1.0,0.22318428062983922,0.5779145417051151,0.8184703715037921
periodic_coupled,highd_d2_f30,high_dim,5,1,0.4722222222222222,-0.02777777777777779,0.5,0.4722222222222222,0.4722222222222222,0.5,0.5,0.05,55.39190845632388,55.39190845632388,6.085010908716582,0.3405725183770967,1.0,0.1814721905585275,0.5896941878479912,0.6616489232196621
periodic_coupled,highd_d3_f15,high_dim,5,1,0.5833333333333334,0.08333333333333337,0.5,0.4722222222222222,0.4722222222222222,0.5,0.5,0.05,45.8145921098902,45.81459210989018,5.931535435177976,0.45458818916797383,1.0,0.22318428062983925,0.5779145417051151,0.8184703715037919
periodic_coupled,angle_d1,angle,5,2,0.5277777777777778,-0.05555555555555558,0.4722222222222222,0.5,0.5833333333333334,0.4722222222222222,0.5833333333333334,1.0,9.656870695028543,9.656870695028537,4.07376792331187,0.8850372536306126,0.9642857142857143,0.5954269668317375,0.7170452224906457,4.0064045021897
periodic_coupled,angle_d2,angle,5,2,0.5277777777777778,-0.05555555555555558,0.4722222222222222,0.5,0.5833333333333334,0.4722222222222222,0.5833333333333334,1.0,9.656870695028543,9.656870695028537,4.07376792331187,0.8850372536306126,0.9642857142857143,0.5954269668317375,0.7170452224906457,4.0064045021897
periodic_coupled,angle_d3,angle,5,2,0.5277777777777778,-0.05555555555555558,0.4722222222222222,0.5,0.5833333333333334,0.4722222222222222,0.5833333333333334,1.0,9.656870695028543,9.656870695028537,4.07376792331187,0.8850372536306126,0.9642857142857143,0.5954269668317375,0.7170452224906457,4.0064045021897
periodic_coupled,iqp_d1,iqp,5,2,0.5,-0.08333333333333337,0.4722222222222222,0.5,0.5833333333333334,0.4722222222222222,0.5833333333333334,1.0,15.628055191891958,15.628055191891958,4.902003209837992,0.8139517239060481,1.0,0.4309621314496997,0.7328045496480478,2.0391446640228748
periodic_coupled,iqp_d2,iqp,5,2,0.5,-0.08333333333333337,0.4722222222222222,0.5,0.5833333333333334,0.4722222222222222,0.5833333333333334,1.0,19.55485524689189,19.554855246891886,5.131143310035906,0.7672041042036679,1.0,0.39215340411924304,0.667088090667926,1.7449321147843195
periodic_coupled,iqp_d3,iqp,5,2,0.4166666666666667,-0.16666666666666669,0.4722222222222222,0.5,0.5833333333333334,0.4722222222222222,0.5833333333333334,1.0,23.74705050192481,23.747050501924818,5.336742164692546,0.7172970178342284,1.0,0.3447171611761915,0.6757794548441641,1.5454802292545362
periodic_coupled,var_d2_e1,variational,5,2,0.5277777777777778,-0.05555555555555558,0.4722222222222222,0.5,0.5833333333333334,0.4722222222222222,0.5833333333333334,1.0,7.443057179654936,7.4430571796549385,4.098689907822616,0.9113921764326793,1.0,0.5758448542004362,0.8057233629729049,2.4219784947690575
periodic_coupled,var_d2_e03,variational,5,2,0.6944444444444444,0.11111111111111105,0.4722222222222222,0.5,0.5833333333333334,0.4722222222222222,0.5833333333333334,1.0,5.313670220074192,5.313670220074191,3.677152423377949,0.9367420211895929,1.0,0.6400178902333319,0.8572149296073196,2.560739896049189
periodic_coupled,var_d3_e1,variational,5,2,0.5277777777777778,-0.05555555555555558,0.4722222222222222,0.5,0.5833333333333334,0.4722222222222222,0.5833333333333334,1.0,11.034160361885263,11.034160361885263,4.580493515956352,0.8686409480727945,1.0,0.4745340820475887,0.8089189538120521,2.0942445972548245
periodic_coupled,highd_d2_f15,high_dim,5,2,0.5277777777777778,-0.05555555555555558,0.4722222222222222,0.5,0.5833333333333334,0.4722222222222222,0.5833333333333334,1.0,46.73477065715284,46.73477065715284,5.934742400635108,0.44363368265294234,1.0,0.2175709405450271,0.6063039288700688,0.8317280902428379
periodic_coupled,highd_d2_f30,high_dim,5,2,0.5277777777777778,-0.05555555555555558,0.4722222222222222,0.5,0.5833333333333334,0.4722222222222222,0.5833333333333334,1.0,57.16237991369617,57.16237991369616,6.100814342244557,0.3194954772179027,1.0,0.17182616646679463,0.5777682682015521,0.6529428021883471
periodic_coupled,highd_d3_f15,high_dim,5,2,0.5277777777777778,-0.05555555555555558,0.4722222222222222,0.5,0.5833333333333334,0.4722222222222222,0.5833333333333334,1.0,46.734770657152865,46.73477065715286,5.934742400635108,0.4436336826529421,1.0,0.21757094054502707,0.6063039288700691,0.8317280902428377
cross_high,angle_d1,angle,5,0,0.6666666666666666,-0.2222222222222222,0.6666666666666666,0.6944444444444444,0.6111111111111112,0.8888888888888888,0.8888888888888888,0.05,9.979267987940824,9.979267987940826,4.112773111347973,0.881199190619752,0.9642857142857143,0.5790877565809148,0.6995650099960004,3.912823107821428
cross_high,angle_d2,angle,5,0,0.6666666666666666,-0.2222222222222222,0.6666666666666666,0.6944444444444444,0.6111111111111112,0.8888888888888888,0.8888888888888888,0.05,9.979267987940824,9.979267987940826,4.112773111347973,0.881199190619752,0.9642857142857143,0.5790877565809148,0.6995650099960004,3.912823107821428
cross_high,angle_d3,angle,5,0,0.6666666666666666,-0.2222222222222222,0.6666666666666666,0.6944444444444444,0.6111111111111112,0.8888888888888888,0.8888888888888888,0.05,9.979267987940824,9.979267987940826,4.112773111347973,0.881199190619752,0.9642857142857143,0.5790877565809148,0.6995650099960004,3.912823107821428
cross_high,iqp_d1,iqp,5,0,0.6111111111111112,-0.2777777777777777,0.6666666666666666,0.6944444444444444,0.6111111111111112,0.8888888888888888,0.8888888888888888,0.05,19.919839270225594,19.91983927022559,5.122088691124896,0.7628590563068381,1.0,0.3827009498059776,0.708515038156814,1.8021642569807859
cross_high,iqp_d2,iqp,5,0,0.6666666666666666,-0.2222222222222222,0.6666666666666666,0.6944444444444444,0.6111111111111112,0.8888888888888888,0.8888888888888888,0.05,22.395259683647865,22.39525968364786,5.2765299290085,0.7333897656708588,1.0,0.35151514825057983,0.7043600051493214,1.5618800408287987
cross_high,iqp_d3,iqp,5,0,0.6666666666666666,-0.2222222222222222,0.6666666666666666,0.6944444444444444,0.6111111111111112,0.8888888888888888,0.8888888888888888,0.05,25.507944485877246,25.507944485877253,5.403373314143727,0.696333994215747,1.0,0.32706153181976155,0.7096003226165881,1.3930070006051545
cross_high,var_d2_e1,variational,5,0,0.6666666666666666,-0.2222222222222222,0.6666666666666666,0.6944444444444444,0.6111111111111112,0.8888888888888888,0.8888888888888888,0.05,7.723016723262391,7.72301672326239,4.1604367505552915,0.9080593247230668,1.0,0.5668757397651468,0.8031507609734486,2.351731416123794
cross_high,var_d2_e03,variational,5,0,0.6388888888888888,-0.25,0.6666666666666666,0.6944444444444444,0.6111111111111112,0.8888888888888888,0.8888888888888888,0.05,5.33323870905502,5.33323870905502,3.721762734233702,0.9365090629874402,1.0,0.6331546203636267,0.8660748530713619,2.4997326857520967
cross_high,var_d3_e1,variational,5,0,0.5555555555555556,-0.33333333333333326,0.6666666666666666,0.6944444444444444,0.6111111111111112,0.8888888888888888,0.8888888888888888,0.05,11.407033120708975,11.407033120708975,4.6226034981759865,0.8642019866582265,1.0,0.4712200454589881,0.7994692168453343,2.0290522151669466
cross_high,highd_d2_f15,high_dim,5,0,0.5277777777777778,-0.36111111111111105,0.6666666666666666,0.6944444444444444,0.6111111111111112,0.8888888888888888,0.8888888888888888,0.05,46.8027854704131,46.80278547041311,5.953267560341662,0.44282398249508215,1.0,0.21923979671345273,0.5920302469632979,0.7840377436266297
cross_high,highd_d2_f30,high_dim,5,0,0.5555555555555556,-0.33333333333333326,0.6666666666666666,0.6944444444444444,0.6111111111111112,0.8888888888888888,0.8888888888888888,0.05,55.885485187889074,55.88548518788911,6.087708789062358,0.33469660490608244,1.0,0.17810942995691978,0.5911053071145453,0.6692648270322593
cross_high,highd_d3_f15,high_dim,5,0,0.5277777777777778,-0.36111111111111105,0.6666666666666666,0.6944444444444444,0.6111111111111112,0.8888888888888888,0.8888888888888888,0.05,46.802785470413106,46.80278547041311,5.953267560341663,0.44282398249508204,1.0,0.21923979671345273,0.5920302469632976,0.7840377436266296
cross_high,angle_d1,angle,5,1,0.7222222222222222,-0.05555555555555558,0.6944444444444444,0.6388888888888888,0.5833333333333334,0.7777777777777778,0.7777777777777778,0.5,8.146576295493263,8.14657629549326,3.922101527117429,0.9030169488631754,0.9642857142857143,0.6189263698258455,0.7477878176900443,4.419275847651949
cross_high,angle_d2,angle,5,1,0.7222222222222222,-0.05555555555555558,0.6944444444444444,0.6388888888888888,0.5833333333333334,0.7777777777777778,0.7777777777777778,0.5,8.146576295493263,8.14657629549326,3.922101527117429,0.9030169488631754,0.9642857142857143,0.6189263698258455,0.7477878176900443,4.419275847651949
cross_high,angle_d3,angle,5,1,0.7222222222222222,-0.05555555555555558,0.6944444444444444,0.6388888888888888,0.5833333333333334,0.7777777777777778,0.7777777777777778,0.5,8.146576295493263,8.14657629549326,3.922101527117429,0.9030169488631754,0.9642857142857143,0.6189263698258455,0.7477878176900443,4.419275847651949
cross_high,iqp_d1,iqp,5,1,0.75,-0.02777777777777779,0.6944444444444444,0.6388888888888888,0.5833333333333334,0.7777777777777778,0.7777777777777778,0.5,13.450971482365315,13.450971482365315,4.779132935393141,0.8398693871146986,1.0,0.4538497964026223,0.7633323200673359,2.1809556296142434
cross_high,iqp_d2,iqp,5,1,0.6944444444444444,-0.08333333333333337,0.6944444444444444,0.6388888888888888,0.5833333333333334,0.7777777777777778,0.7777777777777778,0.5,17.559029592628903,17.559029592628924,5.044069898894534,0.7909639334210845,1.0,0.40926771118776634,0.6920752503959453,1.8914298277076378
cross_high,iqp_d3,iqp,5,1,0.5277777777777778,-0.25,0.6944444444444444,0.6388888888888888,0.5833333333333334,0.7777777777777778,0.7777777777777778,0.5,20.151747331075516,20.15174733107552,5.218907314681794,0.7600982460586247,1.0,0.3682480480447362,0.7185718257348399,1.6185365190552805
cross_high,var_d2_e1,variational,5,1,0.7222222222222222,-0.05555555555555558,0.6944444444444444,0.6388888888888888,0.5833333333333334,0.7777777777777778,0.7777777777777778,0.5,6.320443550211453,6.320443550211444,3.924945055196399,0.9247566244022446,1.0,0.6082931084429831,0.8357067730359089,2.6043575473400677
cross_high,var_d2_e03,variational,5,1,0.6111111111111112,-0.16666666666666663,0.6944444444444444,0.6388888888888888,0.5833333333333334,0.7777777777777778,0.7777777777777778,0.5,5.112171877220318,5.112171877220319,3.6798431073458073,0.9391408109854724,1.0,0.6356003831043503,0.8645201526706873,2.6672567717608637
cross_high,var_d3_e1,variational,5,1,0.6388888888888888,-0.13888888888888895,0.6944444444444444,0.6388888888888888,0.5833333333333334,0.7777777777777778,0.7777777777777778,0.5,8.99613775328125,8.99613775328125,4.359246902101537,0.892903121984747,1.0,0.5170590860928928,0.8164766473410059,2.308415406641094
cross_high,highd_d2_f15,high_dim,5,1,0.4722222222222222,-0.3055555555555556,0.6944444444444444,0.6388888888888888,0.5833333333333334,0.7777777777777778,0.7777777777777778,0.5,47.276645136846454,47.27664513684645,5.951212981184338,0.43718279598992316,1.0,0.2160411631258868,0.5917223250769715,0.8062114559773279
cross_high,highd_d2_f30,high_dim,5,1,0.5,-0.2777777777777778,0.6944444444444444,0.6388888888888888,0.5833333333333334,0.7777777777777778,0.7777777777777778,0.5,53.98051837081797,53.98051837081797,6.0601380276852925,0.35737478129978606,1.0,0.18662355453509655,0.5768434714753797,0.6961992345329999
cross_high,highd_d3_f15,high_dim,5,1,0.4722222222222222,-0.3055555555555556,0.6944444444444444,0.6388888888888888,0.5833333333333334,0.7777777777777778,0.7777777777777778,0.5,47.276645136846454,47.276645136846454,5.951212981184337,0.43718279598992316,1.0,0.21604116312588686,0.5917223250769718,0.8062114559773282
cross_high,angle_d1,angle,5,2,0.7777777777777778,-0.13888888888888884,0.8611111111111112,0.75,0.5833333333333334,0.9166666666666666,0.9166666666666666,0.3,9.17105841641642,9.171058416416418,4.023189951726177,0.8908207331378998,0.9642857142857143,0.6044408164155908,0.727235087476312,4.032709036917682
cross_high,angle_d2,angle,5,2,0.7777777777777778,-0.13888888888888884,0.8611111111111112,0.75,0.5833333333333334,0.9166666666666666,0.9166666666666666,0.3,9.17105841641642,9.171058416416418,4.023189951726177,0.8908207331378998,0.9642857142857143,0.6044408164155908,0.727235087476312,4.032709036917682
cross_high,angle_d3,angle,5,2,0.7777777777777778,-0.13888888888888884,0.8611111111111112,0.75,0.5833333333333334,0.9166666666666666,0.9166666666666666,0.3,9.17105841641642,9.171058416416418,4.023189951726177,0.8908207331378998,0.9642857142857143,0.6044408164155908,0.727235087476312,4.032709036917682
cross_high,iqp_d1,iqp,5,2,0.6111111111111112,-0.30555555555555547,0.8611111111111112,0.75,0.5833333333333334,0.9166666666666666,0.9166666666666666,0.3,15.264384562211857,15.26438456221185,4.903865806428119,0.8182811361641446,1.0,0.4313112431326403,0.7508226091365425,1.9634869272800217
cross_high,iqp_d2,iqp,5,2,0.6388888888888888,-0.2777777777777778,0.8611111111111112,0.75,0.5833333333333334,0.9166666666666666,0.9166666666666666,0.3,19.703975406415704,19.7039754064157,5.121910621298311,0.7654288642093369,1.0,0.38834103783909013,0.6841589727392747,1.7619328388118045
cross_high,iqp_d3,iqp,5,2,0.6666666666666666,-0.25,0.8611111111111112,0.75,0.5833333333333334,0.9166666666666666,0.9166666666666666,0.3,21.19507882271425,21.195078822714258,5.251655580578028,0.7476776330629256,1.0,0.3720367288233266,0.6842870299767058,1.5756057886142907
cross_high,var_d2_e1,variational,5,2,0.6388888888888888,-0.2777777777777778,0.8611111111111112,0.75,0.5833333333333334,0.9166666666666666,0.9166666666666666,0.3,6.806516489455143,6.80651648945514,4.018762095193181,0.9189700417922007,1.0,0.5880886205353971,0.8309214914577768,2.496075915086792
cross_high,var_d2_e03,variational,5,2,0.6666666666666666,-0.25,0.8611111111111112,0.75,0.5833333333333334,0.9166666666666666,0.9166666666666666,0.3,5.092785724771907,5.092785724771905,3.6129411839539354,0.9393715985146202,1.0,0.650698951605659,0.866734021445149,2.5541810149560433
cross_high,var_d3_e1,variational,5,2,0.5555555555555556,-0.36111111111111105,0.8611111111111112,0.75,0.5833333333333334,0.9166666666666666,0.9166666666666666,0.3,10.00010529019078,10.000105290190783,4.469282086222596,0.8809511274977289,1.0,0.4915954619588785,0.8213644525038694,2.1943304804706556
cross_high,highd_d2_f15,high_dim,5,2,0.6388888888888888,-0.2777777777777778,0.8611111111111112,0.75,0.5833333333333334,0.9166666666666666,0.9166666666666666,0.3,45.53583332144796,45.53583332144795,5.92144915434729,0.45790674617323857,1.0,0.22138515524677885,0.5937767868168495,0.83748271416036
cross_high,highd_d2_f30,high_dim,5,2,0.5277777777777778,-0.38888888888888884,0.8611111111111112,0.75,0.5833333333333334,0.9166666666666666,0.9166666666666666,0.3,56.52560836675911,56.5256083667591,6.094076473289866,0.32707609087191536,1.0,0.17471156115898573,0.5941844931987109,0.6603405552116404
cross_high,highd_d3_f15,high_dim,5,2,0.6388888888888888,-0.2777777777777778,0.8611111111111112,0.75,0.5833333333333334,0.9166666666666666,0.9166666666666666,0.3,45.53583332144795,45.53583332144795,5.9214491543472905,0.4579067461732387,1.0,0.2213851552467788,0.5937767868168492,0.8374827141603598
quantum_friendly,angle_d1,angle,5,0,0.6111111111111112,-0.05555555555555547,0.6388888888888888,0.6666666666666666,0.6666666666666666,0.6111111111111112,0.6666666666666666,0.05,8.287748120226984,8.287748120226983,3.8976627211608315,0.9013363319020598,0.9642857142857143,0.6321865286545342,0.7201566982157748,4.358277282602782
quantum_friendly,angle_d2,angle,5,0,0.6111111111111112,-0.05555555555555547,0.6388888888888888,0.6666666666666666,0.6666666666666666,0.6111111111111112,0.6666666666666666,0.05,8.287748120226984,8.287748120226983,3.8976627211608315,0.9013363319020598,0.9642857142857143,0.6321865286545342,0.7201566982157748,4.358277282602782
quantum_friendly,angle_d3,angle,5,0,0.6111111111111112,-0.05555555555555547,0.6388888888888888,0.6666666666666666,0.6666666666666666,0.6111111111111112,0.6666666666666666,0.05,8.287748120226984,8.287748120226983,3.8976627211608315,0.9013363319020598,0.9642857142857143,0.6321865286545342,0.7201566982157748,4.358277282602782
quantum_friendly,iqp_d1,iqp,5,0,0.5833333333333334,-0.08333333333333326,0.6388888888888888,0.6666666666666666,0.6666666666666666,0.6111111111111112,0.6666666666666666,0.05,15.665427077848136,15.66542707784814,4.8635530603137855,0.8135068205018079,1.0,0.4390950692670565,0.7220976258400477,2.0531503861329727
quantum_friendly,iqp_d2,iqp,5,0,0.6388888888888888,-0.02777777777777779,0.6388888888888888,0.6666666666666666,0.6666666666666666,0.6111111111111112,0.6666666666666666,0.05,17.374591310032788,17.374591310032798,5.013262365165654,0.7931596272615145,1.0,0.41415524394200326,0.7274840832066822,1.8751689427506193
quantum_friendly,iqp_d3,iqp,5,0,0.7222222222222222,0.05555555555555558,0.6388888888888888,0.6666666666666666,0.6666666666666666,0.6111111111111112,0.6666666666666666,0.05,22.209454717441577,22.209454717441577,5.246351827579512,0.735601729554267,1.0,0.3572970623326004,0.7203573524196896,1.5683727640594702
quantum_friendly,var_d2_e1,variational,5,0,0.5555555555555556,-0.11111111111111105,0.6388888888888888,0.6666666666666666,0.6666666666666666,0.6111111111111112,0.6666666666666666,0.05,6.364752228992052,6.3647522289920495,3.906441457466737,0.924229140131047,1.0,0.6159756954806556,0.8180022990575185,2.5870797434717816
quantum_friendly,var_d2_e03,variational,5,0,0.6111111111111112,-0.05555555555555547,0.6388888888888888,0.6666666666666666,0.6666666666666666,0.6111111111111112,0.6666666666666666,0.05,4.52803415793573,4.528034157935729,3.485433022630307,0.9460948314531461,1.0,0.6689370061218857,0.8615927276956102,2.6641694590855898
quantum_friendly,var_d3_e1,variational,5,0,0.5555555555555556,-0.11111111111111105,0.6388888888888888,0.6666666666666666,0.6666666666666666,0.6111111111111112,0.6666666666666666,0.05,9.365564243318126,9.365564243318126,4.380930603090302,0.8885051875795461,1.0,0.5188947461095447,0.810303192077817,2.217549054358164
quantum_friendly,highd_d2_f15,high_dim,5,0,0.5833333333333334,-0.08333333333333326,0.6388888888888888,0.6666666666666666,0.6666666666666666,0.6111111111111112,0.6666666666666666,0.05,45.971050773188075,45.97105077318809,5.9381356596117,0.45272558603347535,1.0,0.22246873089877742,0.5849414110475417,0.8025469630259707
quantum_friendly,highd_d2_f30,high_dim,5,0,0.4444444444444444,-0.2222222222222222,0.6388888888888888,0.6666666666666666,0.6666666666666666,0.6111111111111112,0.6666666666666666,0.05,57.93532884687909,57.935328846879116,6.121359012907776,0.3102937042038204,1.0,0.1697373938712478,0.5841645406234108,0.6182534031176875
quantum_friendly,highd_d3_f15,high_dim,5,0,0.5833333333333334,-0.08333333333333326,0.6388888888888888,0.6666666666666666,0.6666666666666666,0.6111111111111112,0.6666666666666666,0.05,45.971050773188075,45.97105077318808,5.9381356596117,0.45272558603347535,1.0,0.22246873089877744,0.5849414110475414,0.8025469630259708
quantum_friendly,angle_d1,angle,5,1,0.5833333333333334,-0.08333333333333326,0.6111111111111112,0.6666666666666666,0.6666666666666666,0.4722222222222222,0.6666666666666666,0.05,8.807665253796433,8.80766525379644,3.9999032959165803,0.8951468422167091,0.9642857142857143,0.609000700590676,0.7383511945365535,4.0993891986767945
quantum_friendly,angle_d2,angle,5,1,0.5833333333333334,-0.08333333333333326,0.6111111111111112,0.6666666666666666,0.6666666666666666,0.4722222222222222,0.6666666666666666,0.05,8.807665253796433,8.80766525379644,3.9999032959165803,0.8951468422167091,0.9642857142857143,0.609000700590676,0.7383511945365535,4.0993891986767945
quantum_friendly,angle_d3,angle,5,1,0.5833333333333334,-0.08333333333333326,0.6111111111111112,0.6666666666666666,0.6666666666666666,0.4722222222222222,0.6666666666666666,0.05,8.807665253796433,8.80766525379644,3.9999032959165803,0.8951468422167091,0.9642857142857143,0.609000700590676,0.7383511945365535,4.0993891986767945
quantum_friendly,iqp_d1,iqp,5,1,0.6666666666666666,0.0,0.6111111111111112,0.6666666666666666,0.6666666666666666,0.4722222222222222,0.6666666666666666,0.05,14.232485680697007,14.232485680697005,4.830724548816792,0.830565646658369,1.0,0.4513877146373336,0.7354087423607386,2.027262422872083
quantum_friendly,iqp_d2,iqp,5,1,0.6388888888888888,-0.02777777777777779,0.6111111111111112,0.6666666666666666,0.6666666666666666,0.4722222222222222,0.6666666666666666,0.05,19.111389456493573,19.111389456493576,5.125990432623512,0.772483458851267,1.0,0.38959955247106454,0.6922131062858611,1.7066034905307907
quantum_friendly,iqp_d3,iqp,5,1,0.6111111111111112,-0.05555555555555547,0.6111111111111112,0.6666666666666666,0.6666666666666666,0.4722222222222222,0.6666666666666666,0.05,22.008831304900056,22.00883130490006,5.311068590595725,0.7379901035130946,1.0,0.3485524703768938,0.7185964053244389,1.4678322721631185
quantum_friendly,var_d2_e1,variational,5,1,0.4166666666666667,-0.24999999999999994,0.6111111111111112,0.6666666666666666,0.6666666666666666,0.4722222222222222,0.6666666666666666,0.05,6.535836483190619,6.535836483190615,3.9872829596471084,0.9221924228191593,1.0,0.6017395936603471,0.8355855438294312,2.464148526703387
quantum_friendly,var_d2_e03,variational,5,1,0.5833333333333334,-0.08333333333333326,0.6111111111111112,0.6666666666666666,0.6666666666666666,0.4722222222222222,0.6666666666666666,0.05,4.9943518000296745,4.994351800029676,3.670180801277065,0.9405434309520276,1.0,0.6359666492346423,0.8670314733572081,2.5721822136100116
quantum_friendly,var_d3_e1,variational,5,1,0.5277777777777778,-0.13888888888888884,0.6111111111111112,0.6666666666666666,0.6666666666666666,0.4722222222222222,0.6666666666666666,0.05,9.748534425515398,9.748534425515395,4.465348818094511,0.8839460187438644,1.0,0.5043817503643827,0.8103728352593443,2.1616519765007425
quantum_friendly,highd_d2_f15,high_dim,5,1,0.6388888888888888,-0.02777777777777779,0.6111111111111112,0.6666666666666666,0.6666666666666666,0.4722222222222222,0.6666666666666666,0.05,48.84294833733751,48.84294833733748,5.986058249779544,0.4185363293174106,1.0,0.209783600843059,0.6133747363063065,0.7620683334048908
quantum_friendly,highd_d2_f30,high_dim,5,1,0.5277777777777778,-0.13888888888888884,0.6111111111111112,0.6666666666666666,0.6666666666666666,0.4722222222222222,0.6666666666666666,0.05,55.98153792707135,55.981537927071344,6.096587997763423,0.33355311991581726,1.0,0.18254608189165597,0.5771770484220416,0.6433060021684299
quantum_friendly,highd_d3_f15,high_dim,5,1,0.6388888888888888,-0.02777777777777779,0.6111111111111112,0.6666666666666666,0.6666666666666666,0.4722222222222222,0.6666666666666666,0.05,48.84294833733749,48.84294833733747,5.9860582497795445,0.4185363293174108,1.0,0.20978360084305903,0.6133747363063063,0.7620683334048906
quantum_friendly,angle_d1,angle,5,2,0.6111111111111112,0.02777777777777779,0.5555555555555556,0.5833333333333334,0.5555555555555556,0.5,0.5833333333333334,0.05,10.265649686399101,10.265649686399103,4.147454416405733,0.8777898846857249,0.9642857142857143,0.5772615958997969,0.7097889752523018,3.8667596787392964
quantum_friendly,angle_d2,angle,5,2,0.6111111111111112,0.02777777777777779,0.5555555555555556,0.5833333333333334,0.5555555555555556,0.5,0.5833333333333334,0.05,10.265649686399101,10.265649686399103,4.147454416405733,0.8777898846857249,0.9642857142857143,0.5772615958997969,0.7097889752523018,3.8667596787392964
quantum_friendly,angle_d3,angle,5,2,0.6111111111111112,0.02777777777777779,0.5555555555555556,0.5833333333333334,0.5555555555555556,0.5,0.5833333333333334,0.05,10.265649686399101,10.265649686399103,4.147454416405733,0.8777898846857249,0.9642857142857143,0.5772615958997969,0.7097889752523018,3.8667596787392964
quantum_friendly,iqp_d1,iqp,5,2,0.5277777777777778,-0.05555555555555558,0.5555555555555556,0.5833333333333334,0.5555555555555556,0.5,0.5833333333333334,0.05,17.805935212660494,17.805935212660497,5.030144233181865,0.7880245808016608,1.0,0.40854574336513966,0.7085025126193388,1.8825039323594444
quantum_friendly,iqp_d2,iqp,5,2,0.5,-0.08333333333333337,0.5555555555555556,0.5833333333333334,0.5555555555555556,0.5,0.5833333333333334,0.05,21.98884210456532,21.988842104565315,5.252169160740172,0.7382280701837461,1.0,0.36300287039488693,0.659459196211771,1.6127957832972966
quantum_friendly,iqp_d3,iqp,5,2,0.6388888888888888,0.05555555555555547,0.5555555555555556,0.5833333333333334,0.5555555555555556,0.5,0.5833333333333334,0.05,23.473234920766753,23.473234920766757,5.361814287960599,0.7205567271337292,1.0,0.3520623021952223,0.6723423319121976,1.4452374487332647
quantum_friendly,var_d2_e1,variational,5,2,0.5555555555555556,-0.02777777777777779,0.5555555555555556,0.5833333333333334,0.5555555555555556,0.5,0.5833333333333334,0.05,7.807746378383732,7.807746378383738,4.144718400237859,0.9070506383525746,1.0,0.5676974751887209,0.8003034479791735,2.37429118599735
quantum_friendly,var_d2_e03,variational,5,2,0.4722222222222222,-0.11111111111111116,0.5555555555555556,0.5833333333333334,0.5555555555555556,0.5,0.5833333333333334,0.05,5.67536527426165,5.675365274261648,3.7301246676206725,0.9324361276873613,1.0,0.6295247476012225,0.8409467554976224,2.4996072345566076
quantum_friendly,var_d3_e1,variational,5,2,0.5555555555555556,-0.02777777777777779,0.5555555555555556,0.5833333333333334,0.5555555555555556,0.5,0.5833333333333334,0.05,11.639744288573901,11.639744288573903,4.611135102962203,0.8614316156122155,1.0,0.4679905719463211,0.8006057306525639,2.099493769269357
quantum_friendly,highd_d2_f15,high_dim,5,2,0.5555555555555556,-0.02777777777777779,0.5555555555555556,0.5833333333333334,0.5555555555555556,0.5,0.5833333333333334,0.05,45.56183630332024,45.56183630332025,5.914078154187292,0.4575971868652352,1.0,0.21976924256405175,0.6050741672602156,0.847632777516953
quantum_friendly,highd_d2_f30,high_dim,5,2,0.5277777777777778,-0.05555555555555558,0.5555555555555556,0.5833333333333334,0.5555555555555556,0.5,0.5833333333333334,0.05,57.94815495362444,57.948154953624396,6.115697100267157,0.3101410124568519,1.0,0.17121641789269407,0.5856348937335324,0.632217013222309
quantum_friendly,highd_d3_f15,high_dim,5,2,0.5555555555555556,-0.02777777777777779,0.5555555555555556,0.5833333333333334,0.5555555555555556,0.5,0.5833333333333334,0.05,45.56183630332026,45.56183630332023,5.914078154187293,0.457597186865235,1.0,0.21976924256405178,0.6050741672602159,0.8476327775169529
noisy_harmonic,angle_d1,angle,5,0,0.5277777777777778,-0.02777777777777779,0.5555555555555556,0.5555555555555556,0.5555555555555556,0.5277777777777778,0.5555555555555556,5.0,9.962770812361246,9.962770812361242,4.111656111940523,0.881395585567128,0.9642857142857143,0.5793198452266902,0.7075374015352872,4.013279216110369
noisy_harmonic,angle_d2,angle,5,0,0.5277777777777778,-0.02777777777777779,0.5555555555555556,0.5555555555555556,0.5555555555555556,0.5277777777777778,0.5555555555555556,5.0,9.962770812361246,9.962770812361242,4.111656111940523,0.881395585567128,0.9642857142857143,0.5793198452266902,0.7075374015352872,4.013279216110369
noisy_harmonic,angle_d3,angle,5,0,0.5277777777777778,-0.02777777777777779,0.5555555555555556,0.5555555555555556,0.5555555555555556,0.5277777777777778,0.5555555555555556,5.0,9.962770812361246,9.962770812361242,4.111656111940523,0.881395585567128,0.9642857142857143,0.5793198452266902,0.7075374015352872,4.013279216110369
noisy_harmonic,iqp_d1,iqp,5,0,0.5277777777777778,-0.02777777777777779,0.5555555555555556,0.5555555555555556,0.5555555555555556,0.5277777777777778,0.5555555555555556,5.0,17.423997051538993,17.423997051539,4.999265070240162,0.7925714636721548,1.0,0.40962738561408474,0.7067759648364352,1.883584952760438
noisy_harmonic,iqp_d2,iqp,5,0,0.4166666666666667,-0.1388888888888889,0.5555555555555556,0.5555555555555556,0.5555555555555556,0.5277777777777778,0.5555555555555556,5.0,17.85975715970268,17.85975715970268,5.052913991357069,0.7873838433368728,1.0,0.401130241770267,0.717305104951295,1.7742819149564744
noisy_harmonic,iqp_d3,iqp,5,0,0.5,-0.05555555555555558,0.5555555555555556,0.5555555555555556,0.5555555555555556,0.5277777777777778,0.5555555555555556,5.0,22.89645881383026,22.89645881383026,5.291450283118691,0.7274231093591635,1.0,0.35008221964894687,0.7128488920697372,1.5071323081280794
noisy_harmonic,var_d2_e1,variational,5,0,0.5277777777777778,-0.02777777777777779,0.5555555555555556,0.5555555555555556,0.5555555555555556,0.5277777777777778,0.5555555555555556,5.0,7.488226100894251,7.488226100894248,4.114041939410132,0.9108544511798303,1.0,0.5780855120862258,0.7965957925962193,2.4119638638247425
noisy_harmonic,var_d2_e03,variational,5,0,0.5,-0.05555555555555558,0.5555555555555556,0.5555555555555556,0.5555555555555556,0.5277777777777778,0.5555555555555556,5.0,5.2191801800397535,5.2191801800397535,3.677815894954022,0.9378669026185744,1.0,0.6344711657372247,0.8603580417226485,2.534735657899066
noisy_harmonic,var_d3_e1,variational,5,0,0.4722222222222222,-0.08333333333333337,0.5555555555555556,0.5555555555555556,0.5555555555555556,0.5277777777777778,0.5555555555555556,5.0,10.6054545111469,10.605454511146906,4.529483534348811,0.8737445891530131,1.0,0.48685432723450583,0.8143581200803086,2.0617480064951295
noisy_harmonic,highd_d2_f15,high_dim,5,0,0.6111111111111112,0.05555555555555558,0.5555555555555556,0.5555555555555556,0.5555555555555556,0.5277777777777778,0.5555555555555556,5.0,45.516278390970086,45.516278390970086,5.945140706842114,0.4581395429646419,1.0,0.22498410920734443,0.5926869867188822,0.7857022613053117
noisy_harmonic,highd_d2_f30,high_dim,5,0,0.5277777777777778,-0.02777777777777779,0.5555555555555556,0.5555555555555556,0.5555555555555556,0.5277777777777778,0.5555555555555556,5.0,59.48256265210008,59.48256265210004,6.138237212275513,0.2918742541416657,1.0,0.165059118795911,0.5905864677354316,0.6006691553994896
noisy_harmonic,highd_d3_f15,high_dim,5,0,0.6111111111111112,0.05555555555555558,0.5555555555555556,0.5555555555555556,0.5555555555555556,0.5277777777777778,0.5555555555555556,5.0,45.51627839097009,45.51627839097011,5.945140706842113,0.45813954296464177,1.0,0.22498410920734443,0.5926869867188819,0.7857022613053117
noisy_harmonic,angle_d1,angle,5,1,0.4444444444444444,0.0,0.4166666666666667,0.4444444444444444,0.3611111111111111,0.3888888888888889,0.4444444444444444,0.1,8.476056559770328,8.47605655977033,3.968670146098294,0.899094564764639,0.9642857142857143,0.6113157255330683,0.7497555182131228,4.448339339476324
noisy_harmonic,angle_d2,angle,5,1,0.4444444444444444,0.0,0.4166666666666667,0.4444444444444444,0.3611111111111111,0.3888888888888889,0.4444444444444444,0.1,8.476056559770328,8.47605655977033,3.968670146098294,0.899094564764639,0.9642857142857143,0.6113157255330683,0.7497555182131228,4.448339339476324
noisy_harmonic,angle_d3,angle,5,1,0.4444444444444444,0.0,0.4166666666666667,0.4444444444444444,0.3611111111111111,0.3888888888888889,0.4444444444444444,0.1,8.476056559770328,8.47605655977033,3.968670146098294,0.899094564764639,0.9642857142857143,0.6113157255330683,0.7497555182131228,4.448339339476324
noisy_harmonic,iqp_d1,iqp,5,1,0.6944444444444444,0.25,0.4166666666666667,0.4444444444444444,0.3611111111111111,0.3888888888888889,0.4444444444444444,0.1,13.726046297895522,13.726046297895525,4.823772807973518,0.8365946869298152,1.0,0.44015344674279,0.769709793335336,2.1240324067554655
noisy_harmonic,iqp_d2,iqp,5,1,0.4722222222222222,0.02777777777777779,0.4166666666666667,0.4444444444444444,0.3611111111111111,0.3888888888888889,0.4444444444444444,0.1,17.965150990994804,17.965150990994808,5.072203096125421,0.7861291548691095,1.0,0.4012799152390807,0.6986851374719996,1.8776139769636941
noisy_harmonic,iqp_d3,iqp,5,1,0.4444444444444444,0.0,0.4166666666666667,0.4444444444444444,0.3611111111111111,0.3888888888888889,0.4444444444444444,0.1,20.03166792794209,20.03166792794209,5.210125277929757,0.7615277627625942,1.0,0.3719867746061676,0.690815843976213,1.6523373180423884
noisy_harmonic,var_d2_e1,variational,5,1,0.4722222222222222,0.02777777777777779,0.4166666666666667,0.4444444444444444,0.3611111111111111,0.3888888888888889,0.4444444444444444,0.1,6.672985288046437,6.672985288046438,3.988287185269301,0.9205596989518281,1.0,0.5987643831829611,0.8191131836757033,2.5876308480656656
noisy_harmonic,var_d2_e03,variational,5,1,0.5,0.05555555555555558,0.4166666666666667,0.4444444444444444,0.3611111111111111,0.3888888888888889,0.4444444444444444,0.1,5.252842775615117,5.2528427756151155,3.6842760919148487,0.9374661574331533,1.0,0.6342718013601559,0.8459461493737861,2.67517833473702
noisy_harmonic,var_d3_e1,variational,5,1,0.5833333333333334,0.13888888888888895,0.4166666666666667,0.4444444444444444,0.3611111111111111,0.3888888888888889,0.4444444444444444,0.1,9.390669729985891,9.390669729985895,4.414141719802006,0.8882063127382632,1.0,0.5054740302247489,0.8236603202234437,2.294034311066818
noisy_harmonic,highd_d2_f15,high_dim,5,1,0.6111111111111112,0.16666666666666674,0.4166666666666667,0.4444444444444444,0.3611111111111111,0.3888888888888889,0.4444444444444444,0.1,46.53520305628713,46.53520305628712,5.942095843696448,0.44600948742515323,1.0,0.220141902294597,0.5873658477917547,0.8070872388439355
noisy_harmonic,highd_d2_f30,high_dim,5,1,0.5555555555555556,0.11111111111111116,0.4166666666666667,0.4444444444444444,0.3611111111111111,0.3888888888888889,0.4444444444444444,0.1,54.098068098550534,54.09806809855053,6.063639460991657,0.3559753797791603,1.0,0.18790975282723693,0.5904351586977882,0.6913452208183081
noisy_harmonic,highd_d3_f15,high_dim,5,1,0.6111111111111112,0.16666666666666674,0.4166666666666667,0.4444444444444444,0.3611111111111111,0.3888888888888889,0.4444444444444444,0.1,46.535203056287116,46.53520305628713,5.942095843696448,0.44600948742515334,1.0,0.22014190229459696,0.5873658477917544,0.8070872388439354
noisy_harmonic,angle_d1,angle,5,2,0.5555555555555556,-0.08333333333333326,0.5833333333333334,0.5555555555555556,0.6388888888888888,0.4444444444444444,0.6388888888888888,0.1,10.012557552495304,10.012557552495307,4.116802387744761,0.8808028862798178,0.9642857142857143,0.5803881250435563,0.691161119888579,3.9063100408107765
noisy_harmonic,angle_d2,angle,5,2,0.5555555555555556,-0.08333333333333326,0.5833333333333334,0.5555555555555556,0.6388888888888888,0.4444444444444444,0.6388888888888888,0.1,10.012557552495304,10.012557552495307,4.116802387744761,0.8808028862798178,0.9642857142857143,0.5803881250435563,0.691161119888579,3.9063100408107765
noisy_harmonic,angle_d3,angle,5,2,0.5555555555555556,-0.08333333333333326,0.5833333333333334,0.5555555555555556,0.6388888888888888,0.4444444444444444,0.6388888888888888,0.1,10.012557552495304,10.012557552495307,4.116802387744761,0.8808028862798178,0.9642857142857143,0.5803881250435563,0.691161119888579,3.9063100408107765
noisy_harmonic,iqp_d1,iqp,5,2,0.6388888888888888,0.0,0.5833333333333334,0.5555555555555556,0.6388888888888888,0.4444444444444444,0.6388888888888888,0.1,17.700287291566063,17.700287291566063,5.014814704269258,0.7892822941480231,1.0,0.40930776204219477,0.7325441408286096,1.9224407471064475
noisy_harmonic,iqp_d2,iqp,5,2,0.6666666666666666,0.02777777777777779,0.5833333333333334,0.5555555555555556,0.6388888888888888,0.4444444444444444,0.6388888888888888,0.1,21.1900778595168,21.190077859516787,5.171941628946625,0.7477371683390857,1.0,0.37675175345023953,0.6367515865726422,1.7734251212267467
noisy_harmonic,iqp_d3,iqp,5,2,0.5833333333333334,-0.05555555555555547,0.5833333333333334,0.5555555555555556,0.6388888888888888,0.4444444444444444,0.6388888888888888,0.1,22.86455811157415,22.864558111574155,5.323979726891632,0.7278028796241173,1.0,0.3511364600891413,0.6609411034563673,1.5142327703043563
noisy_harmonic,var_d2_e1,variational,5,2,0.5277777777777778,-0.11111111111111105,0.5833333333333334,0.5555555555555556,0.6388888888888888,0.4444444444444444,0.6388888888888888,0.1,7.621360585209799,7.621360585209796,4.1275575535747135,0.9092695168427405,1.0,0.5711604169381022,0.8056972722126792,2.374099527886229
noisy_harmonic,var_d2_e03,variational,5,2,0.4722222222222222,-0.16666666666666663,0.5833333333333334,0.5555555555555556,0.6388888888888888,0.4444444444444444,0.6388888888888888,0.1,5.564341129775726,5.564341129775727,3.733598234499624,0.9337578436931461,1.0,0.628279398071332,0.8535817434737482,2.4854156235454306
noisy_harmonic,var_d3_e1,variational,5,2,0.6666666666666666,0.02777777777777779,0.5833333333333334,0.5555555555555556,0.6388888888888888,0.4444444444444444,0.6388888888888888,0.1,11.533726195304874,11.533726195304872,4.60275492657788,0.86269373577018,1.0,0.47188400227397265,0.789392894174945,2.087490184522205
noisy_harmonic,highd_d2_f15,high_dim,5,2,0.7222222222222222,0.08333333333333337,0.5833333333333334,0.5555555555555556,0.6388888888888888,0.4444444444444444,0.6388888888888888,0.1,47.02576688138978,47.025766881389764,5.945399310808198,0.44016944188821694,1.0,0.2137888421871187,0.5937530061098449,0.8171107671195348
noisy_harmonic,highd_d2_f30,high_dim,5,2,0.5833333333333334,-0.05555555555555547,0.5833333333333334,0.5555555555555556,0.6388888888888888,0.4444444444444444,0.6388888888888888,0.1,55.87003128469169,55.87003128469169,6.08317709177122,0.33488057994414655,1.0,0.1773712721787155,0.5670957142363584,0.6739175278278526
noisy_harmonic,highd_d3_f15,high_dim,5,2,0.7222222222222222,0.08333333333333337,0.5833333333333334,0.5555555555555556,0.6388888888888888,0.4444444444444444,0.6388888888888888,0.1,47.025766881389785,47.025766881389764,5.945399310808198,0.44016944188821683,1.0,0.21378884218711874,0.5937530061098446,0.8171107671195346
real_breast_cancer,angle_d1,angle,5,0,0.9722222222222222,-0.02777777777777779,1.0,1.0,1.0,0.9444444444444444,1.0,0.05,7.3036491029466015,7.303649102946601,3.8063348876110203,0.9130517963934929,0.9642857142857143,0.6530253215965832,0.7513801761104899,4.609666575061062
real_breast_cancer,angle_d2,angle,5,0,0.9722222222222222,-0.02777777777777779,1.0,1.0,1.0,0.9444444444444444,1.0,0.05,7.3036491029466015,7.303649102946601,3.8063348876110203,0.9130517963934929,0.9642857142857143,0.6530253215965832,0.7513801761104899,4.609666575061062
real_breast_cancer,angle_d3,angle,5,0,0.9722222222222222,-0.02777777777777779,1.0,1.0,1.0,0.9444444444444444,1.0,0.05,7.3036491029466015,7.303649102946601,3.8063348876110203,0.9130517963934929,0.9642857142857143,0.6530253215965832,0.7513801761104899,4.609666575061062
real_breast_cancer,iqp_d1,iqp,5,0,0.9166666666666666,-0.08333333333333337,1.0,1.0,1.0,0.9444444444444444,1.0,0.05,11.59524029582119,11.595240295821194,4.655894995758636,0.8619614250497477,1.0,0.4754906465503454,0.7806879840505592,2.38994728314057
real_breast_cancer,iqp_d2,iqp,5,0,0.8055555555555556,-0.19444444444444442,1.0,1.0,1.0,0.9444444444444444,1.0,0.05,13.973741790648143,13.973741790648141,4.823429971514189,0.8336459310637125,1.0,0.45245789604415954,0.7265248016925306,2.086442966548566
real_breast_cancer,iqp_d3,iqp,5,0,0.7222222222222222,-0.2777777777777778,1.0,1.0,1.0,0.9444444444444444,1.0,0.05,18.578567684910087,18.578567684910087,5.139731656898124,0.7788265751796418,1.0,0.38777436477920757,0.6991927662638097,1.7082768455350994
real_breast_cancer,var_d2_e1,variational,5,0,0.6944444444444444,-0.3055555555555556,1.0,1.0,1.0,0.9444444444444444,1.0,0.05,6.004431171038358,6.004431171038357,3.865590089905808,0.9285186765352577,1.0,0.6251917011505711,0.8268539916662422,2.7565385084958405
real_breast_cancer,var_d2_e03,variational,5,0,0.6111111111111112,-0.38888888888888884,1.0,1.0,1.0,0.9444444444444444,1.0,0.05,4.588528239589809,4.588528239589812,3.536680846033388,0.945374663814407,1.0,0.6636900464576925,0.8692033984711567,2.7650602558656625
real_breast_cancer,var_d3_e1,variational,5,0,0.7777777777777778,-0.2222222222222222,1.0,1.0,1.0,0.9444444444444444,1.0,0.05,8.556700600818543,8.556700600818541,4.268285194048466,0.8981345166569221,1.0,0.5473742896692143,0.8033685675286402,2.3910312575724477
real_breast_cancer,highd_d2_f15,high_dim,5,0,0.8333333333333334,-0.16666666666666663,1.0,1.0,1.0,0.9444444444444444,1.0,0.05,44.64651203898995,44.64651203898996,5.911452408371457,0.46849390429773874,1.0,0.22776442450634088,0.6134171564343108,0.8319685423285889
real_breast_cancer,highd_d2_f30,high_dim,5,0,0.8333333333333334,-0.16666666666666663,1.0,1.0,1.0,0.9444444444444444,1.0,0.05,53.03246694943721,53.03246694943722,6.042672637574149,0.3686611077447951,1.0,0.19085884146794094,0.5759997987698081,0.7159922677553344
real_breast_cancer,highd_d3_f15,high_dim,5,0,0.8333333333333334,-0.16666666666666663,1.0,1.0,1.0,0.9444444444444444,1.0,0.05,44.64651203898999,44.64651203898999,5.911452408371456,0.4684939042977382,1.0,0.22776442450634088,0.6134171564343107,0.8319685423285887
real_breast_cancer,angle_d1,angle,5,1,0.8888888888888888,-0.05555555555555558,0.9444444444444444,0.9444444444444444,0.9444444444444444,0.9444444444444444,0.9444444444444444,0.1,6.919494150172706,6.919494150172705,3.7557530221974234,0.9176250696408011,0.9642857142857143,0.6659672025527003,0.7563260950737225,4.5627760317429
real_breast_cancer,angle_d2,angle,5,1,0.8888888888888888,-0.05555555555555558,0.9444444444444444,0.9444444444444444,0.9444444444444444,0.9444444444444444,0.9444444444444444,0.1,6.919494150172706,6.919494150172705,3.7557530221974234,0.9176250696408011,0.9642857142857143,0.6659672025527003,0.7563260950737225,4.5627760317429
real_breast_cancer,angle_d3,angle,5,1,0.8888888888888888,-0.05555555555555558,0.9444444444444444,0.9444444444444444,0.9444444444444444,0.9444444444444444,0.9444444444444444,0.1,6.919494150172706,6.919494150172705,3.7557530221974234,0.9176250696408011,0.9642857142857143,0.6659672025527003,0.7563260950737225,4.5627760317429
real_breast_cancer,iqp_d1,iqp,5,1,0.8611111111111112,-0.08333333333333326,0.9444444444444444,0.9444444444444444,0.9444444444444444,0.9444444444444444,0.9444444444444444,0.1,10.164635331208377,10.164635331208377,4.504909681353528,0.8789924365332336,1.0,0.51627475313813,0.7950774915800496,2.5151279269775375
real_breast_cancer,iqp_d2,iqp,5,1,0.6666666666666666,-0.2777777777777778,0.9444444444444444,0.9444444444444444,0.9444444444444444,0.9444444444444444,0.9444444444444444,0.1,11.54646690546984,11.546466905469835,4.707132032389008,0.8625420606491686,1.0,0.4697198502029932,0.8055358818520777,2.230253536403371
real_breast_cancer,iqp_d3,iqp,5,1,0.6388888888888888,-0.3055555555555556,0.9444444444444444,0.9444444444444444,0.9444444444444444,0.9444444444444444,0.9444444444444444,0.1,16.70398771524176,16.703987715241766,5.0652618218993855,0.8011430033899791,1.0,0.40353002880640737,0.7642595573929422,1.7867476619154876
real_breast_cancer,var_d2_e1,variational,5,1,0.6111111111111112,-0.33333333333333326,0.9444444444444444,0.9444444444444444,0.9444444444444444,0.9444444444444444,0.9444444444444444,0.1,5.57737509656425,5.57737509656425,3.786615007473934,0.9336026774218542,1.0,0.6290911134571756,0.845320577988367,2.801980900369873
real_breast_cancer,var_d2_e03,variational,5,1,0.6388888888888888,-0.3055555555555556,0.9444444444444444,0.9444444444444444,0.9444444444444444,0.9444444444444444,0.9444444444444444,0.1,4.334534861866378,4.334534861866382,3.491960156751078,0.9483983945015907,1.0,0.6579060099581464,0.8776284184430593,2.7938635184005447
real_breast_cancer,var_d3_e1,variational,5,1,0.75,-0.19444444444444442,0.9444444444444444,0.9444444444444444,0.9444444444444444,0.9444444444444444,0.9444444444444444,0.1,7.949138092448643,7.949138092448645,4.223960400449667,0.9053674036613257,1.0,0.5492573235074544,0.8267416393139749,2.382369790636108
real_breast_cancer,highd_d2_f15,high_dim,5,1,0.7777777777777778,-0.16666666666666663,0.9444444444444444,0.9444444444444444,0.9444444444444444,0.9444444444444444,0.9444444444444444,0.1,44.71677643630234,44.7167764363023,5.911091650585785,0.46765742337735305,1.0,0.22761956666763447,0.6080565261685276,0.8426182157602784
real_breast_cancer,highd_d2_f30,high_dim,5,1,0.6666666666666666,-0.2777777777777778,0.9444444444444444,0.9444444444444444,0.9444444444444444,0.9444444444444444,0.9444444444444444,0.1,54.91234622160344,54.912346221603485,6.075939266038683,0.34628159259995905,1.0,0.18360237379526506,0.5624873183175715,0.6741881979649025
real_breast_cancer,highd_d3_f15,high_dim,5,1,0.7777777777777778,-0.16666666666666663,0.9444444444444444,0.9444444444444444,0.9444444444444444,0.9444444444444444,0.9444444444444444,0.1,44.716776436302304,44.71677643630231,5.911091650585783,0.4676574233773535,1.0,0.22761956666763447,0.6080565261685272,0.8426182157602788
real_breast_cancer,angle_d1,angle,5,2,0.8888888888888888,0.0,0.8888888888888888,0.8888888888888888,0.8888888888888888,0.8333333333333334,0.8888888888888888,0.05,7.079418333211437,7.079418333211436,3.8304065671830463,0.9157212103189115,0.9642857142857143,0.6420702334665108,0.7724250963180808,4.443036166507534
real_breast_cancer,angle_d2,angle,5,2,0.8888888888888888,0.0,0.8888888888888888,0.8888888888888888,0.8888888888888888,0.8333333333333334,0.8888888888888888,0.05,7.079418333211437,7.079418333211436,3.8304065671830463,0.9157212103189115,0.9642857142857143,0.6420702334665108,0.7724250963180808,4.443036166507534
real_breast_cancer,angle_d3,angle,5,2,0.8888888888888888,0.0,0.8888888888888888,0.8888888888888888,0.8888888888888888,0.8333333333333334,0.8888888888888888,0.05,7.079418333211437,7.079418333211436,3.8304065671830463,0.9157212103189115,0.9642857142857143,0.6420702334665108,0.7724250963180808,4.443036166507534
real_breast_cancer,iqp_d1,iqp,5,2,0.8333333333333334,-0.05555555555555547,0.8888888888888888,0.8888888888888888,0.8888888888888888,0.8333333333333334,0.8888888888888888,0.05,10.17581532977163,10.175815329771632,4.531078631419218,0.8788593413122425,1.0,0.5008474759681746,0.8003286675412047,2.4590574744760674
real_breast_cancer,iqp_d2,iqp,5,2,0.7222222222222222,-0.16666666666666663,0.8888888888888888,0.8888888888888888,0.8888888888888888,0.8333333333333334,0.8888888888888888,0.05,11.575679127198221,11.575679127198221,4.7302250854769845,0.862194296104783,1.0,0.4601397071864595,0.8159090255218063,2.134061883011605
real_breast_cancer,iqp_d3,iqp,5,2,0.6388888888888888,-0.25,0.8888888888888888,0.8888888888888888,0.8888888888888888,0.8333333333333334,0.8888888888888888,0.05,17.045460169577606,17.045460169577606,5.111583482054425,0.7970778551240761,1.0,0.38967405896931046,0.7567910930251328,1.7064975002533906
real_breast_cancer,var_d2_e1,variational,5,2,0.7222222222222222,-0.16666666666666663,0.8888888888888888,0.8888888888888888,0.8888888888888888,0.8333333333333334,0.8888888888888888,0.05,6.1305149070595375,6.130514907059539,3.9213486466001615,0.9270176796778626,1.0,0.6094628004776296,0.8322198819995882,2.7327478126410902
real_breast_cancer,var_d2_e03,variational,5,2,0.6944444444444444,-0.19444444444444442,0.8888888888888888,0.8888888888888888,0.8888888888888888,0.8333333333333334,0.8888888888888888,0.05,4.568977697439712,4.568977697439711,3.53378662259469,0.945607408363813,1.0,0.6661624363892155,0.8735909514562972,2.8206782246953472
real_breast_cancer,var_d3_e1,variational,5,2,0.6666666666666666,-0.2222222222222222,0.8888888888888888,0.8888888888888888,0.8888888888888888,0.8333333333333334,0.8888888888888888,0.05,8.565717294085273,8.565717294085271,4.33804929190648,0.8980271750704134,1.0,0.5337425103853279,0.8096055222186898,2.320339164015122
real_breast_cancer,highd_d2_f15,high_dim,5,2,0.5833333333333334,-0.30555555555555547,0.8888888888888888,0.8888888888888888,0.8888888888888888,0.8333333333333334,0.8888888888888888,0.05,44.59517721673691,44.5951772167369,5.903139356067873,0.46910503313408447,1.0,0.22566225843974777,0.6209395050134451,0.8734073972262801
real_breast_cancer,highd_d2_f30,high_dim,5,2,0.6388888888888888,-0.25,0.8888888888888888,0.8888888888888888,0.8888888888888888,0.8333333333333334,0.8888888888888888,0.05,53.24687691051797,53.24687691051794,6.040208964068235,0.3661086082081194,1.0,0.18449580294765466,0.5892789879406678,0.7306214955047751
real_breast_cancer,highd_d3_f15,high_dim,5,2,0.5833333333333334,-0.30555555555555547,0.8888888888888888,0.8888888888888888,0.8888888888888888,0.8333333333333334,0.8888888888888888,0.05,44.59517721673688,44.595177216736886,5.903139356067872,0.4691050331340848,1.0,0.22566225843974788,0.6209395050134454,0.8734073972262798
