fm,n_qubits,depth,n_samples,n_features,seed,rff_error,nystrom_error,effective_rank,participation_ratio,spectral_entropy,concentration_index,rank_ratio,top5_energy,gap_ratio,power_law_exponent
angle,4,1,40,4,0,0.3063739149746362,0.02061563237642645,2.1999743253794803,2.199974325379481,1.8898786887251928,0.945000641865513,1.0,0.9434807250377609,0.8574158895630333,4.308157043661954
angle,4,1,40,4,1,0.19740153492392543,0.014396829168384266,1.9513819832358206,1.9513819832358206,1.7011507143147624,0.9512154504191045,1.0,0.953107937642965,0.8995131172274283,4.590998237817864
angle,4,1,40,4,2,0.37544749084723383,0.013359467070839192,2.1127513427256006,2.1127513427256024,1.8109952296829679,0.94718121643186,1.0,0.9502855628267579,0.8643274849605509,4.41768685873537
angle,4,1,40,4,3,0.4059387476396174,0.039552099621714944,2.416208740138653,2.4162087401386527,2.055952940492256,0.9395947814965336,1.0,0.9246128020733281,0.861897070011425,4.259276540236591
angle,4,2,40,4,0,0.3063739149746362,0.02061563237642645,2.1999743253794803,2.199974325379481,1.8898786887251928,0.945000641865513,1.0,0.9434807250377609,0.8574158895630333,4.308157043661954
angle,4,2,40,4,1,0.19740153492392543,0.014396829168384266,1.9513819832358206,1.9513819832358206,1.7011507143147624,0.9512154504191045,1.0,0.953107937642965,0.8995131172274283,4.590998237817864
angle,4,2,40,4,2,0.37544749084723383,0.013359467070839192,2.1127513427256006,2.1127513427256024,1.8109952296829679,0.94718121643186,1.0,0.9502855628267579,0.8643274849605509,4.41768685873537
angle,4,2,40,4,3,0.4059387476396174,0.039552099621714944,2.416208740138653,2.4162087401386527,2.055952940492256,0.9395947814965336,1.0,0.9246128020733281,0.861897070011425,4.259276540236591
angle,4,3,40,4,0,0.3063739149746362,0.02061563237642645,2.1999743253794803,2.199974325379481,1.8898786887251928,0.945000641865513,1.0,0.9434807250377609,0.8574158895630333,4.308157043661954
angle,4,3,40,4,1,0.19740153492392543,0.014396829168384266,1.9513819832358206,1.9513819832358206,1.7011507143147624,0.9512154504191045,1.0,0.953107937642965,0.8995131172274283,4.590998237817864
angle,4,3,40,4,2,0.37544749084723383,0.013359467070839192,2.1127513427256006,2.1127513427256024,1.8109952296829679,0.94718121643186,1.0,0.9502855628267579,0.8643274849605509,4.41768685873537
angle,4,3,40,4,3,0.4059387476396174,0.039552099621714944,2.416208740138653,2.4162087401386527,2.055952940492256,0.9395947814965336,1.0,0.9246128020733281,0.861897070011425,4.259276540236591
iqp,4,1,40,4,0,0.31209824202218706,0.050261376481074774,2.5493551850834,2.5493551850833995,2.2886270363592596,0.936266120372915,1.0,0.86791789716734,0.8574041888053555,3.234498334682511
iqp,4,1,40,4,1,0.23254808527037732,0.04830003131188608,2.2817203385487286,2.2817203385487286,2.1294960200493307,0.9429569915362818,1.0,0.8760345577511696,0.9044490850317093,3.4207848790647564
iqp,4,1,40,4,2,0.4073403220826335,0.05921446200935695,2.6424405843166023,2.6424405843166023,2.3074169772340434,0.933938985392085,1.0,0.8760010353793197,0.8454774891101383,3.358560287351644
iqp,4,1,40,4,3,0.4745439958475819,0.09363753280130653,2.8519050652104174,2.8519050652104188,2.4771542827602477,0.9287023733697396,1.0,0.8397343593837017,0.8591898471798545,3.1997181471609215
iqp,4,2,40,4,0,0.46376029845787653,0.09554431575935599,3.536446593912741,3.5364465939127405,2.8268672411980824,0.9115888351521815,1.0,0.7913028113076379,0.8288239511092661,2.8557381570453186
iqp,4,2,40,4,1,0.3693641513486459,0.07563056675351479,2.801035965297599,2.8010359652975985,2.468395451879634,0.92997410086756,1.0,0.8338987105918011,0.8537625415336247,3.2255453828579452
iqp,4,2,40,4,2,0.5491499061737632,0.09604674512786406,3.69858213466986,3.69858213466986,2.789184303774319,0.9075354466332535,1.0,0.8079148835714859,0.8263657797526355,3.097815372300641
iqp,4,2,40,4,3,0.5522863248381429,0.1392131876887563,3.852042031979416,3.852042031979416,2.8868009893303754,0.9036989492005146,1.0,0.8021063196832539,0.7803677033083292,2.7971070618138
iqp,4,3,40,4,0,0.7235928723223588,0.16849032977122985,5.371756866146312,5.37175686614631,3.4094426598255327,0.8657060783463422,1.0,0.696627757123596,0.7918154246974644,2.3377661150859397
iqp,4,3,40,4,1,0.5575131189187013,0.1220208697692713,3.8950659749437997,3.8950659749438,3.002762095327808,0.902623350626405,1.0,0.7472231772604389,0.8181969161400519,2.6698832147110885
iqp,4,3,40,4,2,0.6696217539383434,0.12366351034217403,4.74370392397901,4.743703923979011,3.156714873163483,0.8814074019005248,1.0,0.7481845975108129,0.7856386301039076,2.648618682944448
iqp,4,3,40,4,3,0.6299991690124329,0.19548594035443145,5.430328205395401,5.4303282053954005,3.3908980984533326,0.864241794865115,1.0,0.7122734960244805,0.7823032791977929,2.3549968825986953
variational,4,1,40,4,0,0.3349428076601048,0.036229624028924094,2.1338406767715017,2.133840676771501,1.939329430670499,0.9466539830807125,1.0,0.9071485102875939,0.8806380833201302,3.9338079474587286
variational,4,1,40,4,1,0.2036261197194227,0.020094042619041713,1.9264710481050915,1.9264710481050906,1.7563040160000394,0.9518382237973727,1.0,0.9266080515407966,0.9120695039087495,4.237373709954124
variational,4,1,40,4,2,0.3930945107916697,0.019859858481331847,2.073206902428146,2.0732069024281454,1.857534480369802,0.9481698274392963,1.0,0.9280837865719157,0.8792421366375902,4.051881867704463
variational,4,1,40,4,3,0.4261364008618442,0.04952972248482961,2.3496144325843056,2.3496144325843056,2.1161378507709614,0.9412596391853923,1.0,0.8833549031795007,0.890420894230749,3.8497608846655433
variational,4,2,40,4,0,0.4431186844017668,0.03010049335892291,1.8225433822131358,1.822543382213136,1.7340752625377909,0.9544364154446716,1.0,0.9040992575024267,0.9268188433486858,3.2611025448314783
variational,4,2,40,4,1,0.26987127748853595,0.0215421633811074,1.755280279443145,1.755280279443145,1.6506802637077098,0.9561179930139214,1.0,0.9107413006820124,0.9322013740987105,3.5355908205527737
variational,4,2,40,4,2,0.4986401357355921,0.029367932851302583,1.785553790242898,1.7855537902428982,1.6821379749924454,0.9553611552439275,1.0,0.9071977927097493,0.9344742022919411,3.3545146802867043
variational,4,2,40,4,3,0.5053146684459939,0.028098214320293895,2.0597205294590677,2.0597205294590677,1.9606601364008367,0.9485069867635233,1.0,0.8905756529496472,0.9219204248418373,3.2064097505667153
variational,4,3,40,4,0,0.42684282294357523,0.036830878345014195,1.963716322954668,1.9637163229546675,1.8905328788654767,0.9509070919261333,1.0,0.8822611158556317,0.9080600231216712,3.0613981844760954
variational,4,3,40,4,1,0.297152530607475,0.020725789566860477,1.7368947170533244,1.7368947170533244,1.6526651636932872,0.9565776320736669,1.0,0.9009439394882381,0.9260738580044814,3.234815021948724
variational,4,3,40,4,2,0.5027971484893771,0.036872047389030355,1.8884056735537804,1.8884056735537802,1.8116813063277726,0.9527898581611555,1.0,0.8997651154022989,0.9213932271614997,3.1215861864859966
variational,4,3,40,4,3,0.49698423717225804,0.04120850230097493,2.205256093036947,2.2052560930369465,2.1182340017614174,0.9448685976740763,1.0,0.8702485570505415,0.9159163857622823,2.977018595742093
high_dim,4,1,40,4,0,1.6173227537492272,0.3633584576931734,12.469767704877324,12.469767704877325,4.262814610519391,0.6882558073780669,1.0,0.5341561572365365,0.6203241304091593,1.53792979100254
high_dim,4,1,40,4,1,1.573857298313738,0.3349183776693028,10.734655104859659,10.734655104859655,4.17326817918229,0.7316336223785085,1.0,0.5685067471713081,0.6649915022240671,1.4718069193580086
high_dim,4,1,40,4,2,1.392617965851611,0.40429149349650134,12.956980331666623,12.956980331666625,4.37791291488704,0.6760754917083345,1.0,0.5014687267134423,0.6427748399967671,1.3195045090549937
high_dim,4,1,40,4,3,1.1675174948972697,0.3758345020527091,12.48154715184188,12.48154715184188,4.32558521107349,0.687961321203953,1.0,0.5120120204668588,0.656377143601271,1.4124572579096166
high_dim,4,2,40,4,0,1.6173227537492272,0.36335845769317354,12.46976770487732,12.469767704877322,4.26281461051939,0.688255807378067,1.0,0.5341561572365364,0.6203241304091598,1.5379297910025411
high_dim,4,2,40,4,1,1.573857298313738,0.33491837766930266,10.734655104859668,10.73465510485967,4.1732681791822905,0.7316336223785083,1.0,0.5685067471713079,0.664991502224067,1.4718069193580074
high_dim,4,2,40,4,2,1.392617965851611,0.40429149349650123,12.956980331666626,12.956980331666625,4.377912914887041,0.6760754917083344,1.0,0.5014687267134423,0.6427748399967669,1.3195045090549935
high_dim,4,2,40,4,3,1.1675174948972697,0.3758345020527091,12.481547151841879,12.481547151841879,4.325585211073489,0.687961321203953,1.0,0.5120120204668588,0.6563771436012713,1.4124572579096173
high_dim,4,3,40,4,0,1.6173227537492272,0.36335845769317354,12.469767704877324,12.469767704877325,4.262814610519389,0.6882558073780669,1.0,0.5341561572365364,0.6203241304091596,1.5379297910025418
high_dim,4,3,40,4,1,1.573857298313738,0.3349183776693028,10.73465510485966,10.73465510485966,4.17326817918229,0.7316336223785085,1.0,0.568506747171308,0.6649915022240677,1.4718069193580074
high_dim,4,3,40,4,2,1.392617965851611,0.40429149349650123,12.956980331666632,12.956980331666625,4.377912914887041,0.6760754917083343,1.0,0.5014687267134421,0.6427748399967677,1.319504509054994
high_dim,4,3,40,4,3,1.1675174948972697,0.3758345020527091,12.481547151841877,12.481547151841877,4.325585211073489,0.687961321203953,1.0,0.5120120204668588,0.6563771436012712,1.412457257909618
variational_ent0.0,4,2,40,4,0,0.44418675417203374,0.023743137708250678,1.7630801816917292,1.7630801816917299,1.6658365102881088,0.9559229954577068,1.0,0.906459762433543,0.941441026914978,3.1662781791335974
variational_ent0.0,4,2,40,4,1,0.27833965235510766,0.0266510988375323,1.6974194265683842,1.6974194265683848,1.586845495573323,0.9575645143357904,1.0,0.9090246072526444,0.9450263552533373,3.3462393235388705
variational_ent0.0,4,2,40,4,2,0.49852428819937383,0.02140596422770653,1.7507372618319832,1.7507372618319836,1.6455007408645341,0.9562315684542004,1.0,0.9102395467607693,0.9410497220639534,3.1814072872867314
variational_ent0.0,4,2,40,4,3,0.5247088652908881,0.026341319083190685,1.9385020776209068,1.9385020776209074,1.8376307177250397,0.9515374480594774,1.0,0.8986942907104846,0.9132234552662789,3.081795752171435
variational_ent0.3,4,2,40,4,0,0.44418675417203385,0.023743137708251285,1.763080181691729,1.7630801816917292,1.665836510288109,0.9559229954577068,1.0,0.906459762433543,0.941441026914978,3.166278179133505
variational_ent0.3,4,2,40,4,1,0.27833965235510766,0.026651098837540434,1.6974194265683844,1.6974194265683833,1.5868454955733213,0.9575645143357904,1.0,0.9090246072526448,0.9450263552533373,3.3462393235389727
variational_ent0.3,4,2,40,4,2,0.4985242881993737,0.0214059642277049,1.7507372618319836,1.750737261831984,1.6455007408645346,0.9562315684542004,1.0,0.9102395467607693,0.9410497220639533,3.1814072872856607
variational_ent0.3,4,2,40,4,3,0.5247088652908881,0.026341319083190016,1.9385020776209063,1.9385020776209065,1.837630717725039,0.9515374480594774,1.0,0.8986942907104848,0.9132234552662788,3.0817957521719714
variational_ent0.6,4,2,40,4,0,0.44418675417203374,0.023743137708252093,1.7630801816917296,1.76308018169173,1.66583651028811,0.9559229954577068,1.0,0.906459762433543,0.941441026914978,3.1662781791335637
variational_ent0.6,4,2,40,4,1,0.27833965235510766,0.026651098837539387,1.6974194265683853,1.6974194265683848,1.5868454955733229,0.9575645143357904,1.0,0.9090246072526442,0.9450263552533374,3.346239323538265
variational_ent0.6,4,2,40,4,2,0.4985242881993738,0.02140596422770359,1.7507372618319836,1.7507372618319836,1.6455007408645361,0.9562315684542004,1.0,0.9102395467607693,0.9410497220639533,3.181407287285411
variational_ent0.6,4,2,40,4,3,0.5247088652908881,0.026341319083190963,1.938502077620906,1.9385020776209065,1.8376307177250384,0.9515374480594774,1.0,0.8986942907104849,0.9132234552662788,3.08179575217169
variational_ent1.0,4,2,40,4,0,0.4431186844017668,0.03010049335892291,1.8225433822131358,1.822543382213136,1.7340752625377909,0.9544364154446716,1.0,0.9040992575024267,0.9268188433486858,3.2611025448314783
variational_ent1.0,4,2,40,4,1,0.26987127748853595,0.0215421633811074,1.755280279443145,1.755280279443145,1.6506802637077098,0.9561179930139214,1.0,0.9107413006820124,0.9322013740987105,3.5355908205527737
variational_ent1.0,4,2,40,4,2,0.4986401357355921,0.029367932851302583,1.785553790242898,1.7855537902428982,1.6821379749924454,0.9553611552439275,1.0,0.9071977927097493,0.9344742022919411,3.3545146802867043
variational_ent1.0,4,2,40,4,3,0.5053146684459939,0.028098214320293895,2.0597205294590677,2.0597205294590677,1.9606601364008367,0.9485069867635233,1.0,0.8905756529496472,0.9219204248418373,3.2064097505667153
