task,seed,variant,adv,best_classical,rank_q,rank_rbf,ent_rbf,M1,adv_resid
harmonic,0,angle_d1,-0.2222222222222221,0.6388888888888888,8.732078436035222,22.120675142060342,5.363352377423789,0.3947473745695949,-64.50000000000001
harmonic,0,angle_d2,-0.2222222222222221,0.6388888888888888,8.732078436035222,22.120675142060342,5.363352377423789,0.3947473745695949,-64.50000000000001
harmonic,0,angle_d3,-0.2222222222222221,0.6388888888888888,8.732078436035222,22.120675142060342,5.363352377423789,0.3947473745695949,-64.50000000000001
harmonic,0,iqp_d1,-0.1388888888888888,0.6388888888888888,16.7972769974216,22.120675142060342,5.363352377423789,0.7593473928597771,-39.000000000000014
harmonic,0,iqp_d2,0.0,0.6388888888888888,19.68642450210604,22.120675142060342,5.363352377423789,0.8899558614589566,66.99999999999999
harmonic,0,iqp_d3,-0.111111111111111,0.6388888888888888,22.86333378609152,22.120675142060342,5.363352377423789,1.03357305503841,-29.000000000000014
harmonic,0,var_d2_e1,-0.0833333333333332,0.6388888888888888,6.417526660351464,22.120675142060342,5.363352377423789,0.29011441193081633,-9.000000000000014
harmonic,0,var_d2_e03,-0.0555555555555554,0.6388888888888888,4.528162179689993,22.120675142060342,5.363352377423789,0.20470271140504778,25.499999999999986
harmonic,0,var_d3_e1,-0.0277777777777776,0.6388888888888888,9.464238190417811,22.120675142060342,5.363352377423789,0.4278458107466381,54.499999999999986
harmonic,0,highd_d2_f15,-0.1666666666666666,0.6388888888888888,43.56337543025231,22.120675142060342,5.363352377423789,1.9693510776902432,-53.000000000000014
harmonic,0,highd_d2_f30,-0.1944444444444444,0.6388888888888888,54.59850293884072,22.120675142060342,5.363352377423789,2.468211417065969,-61.000000000000014
harmonic,0,highd_d3_f15,-0.1666666666666666,0.6388888888888888,43.56337543025232,22.120675142060342,5.363352377423789,1.9693510776902439,-53.000000000000014
harmonic,1,angle_d1,-0.0555555555555555,0.5,8.473998123081843,15.77209304987921,4.991978278612082,0.5372779691498676,-38.050208116545264
harmonic,1,angle_d2,-0.0555555555555555,0.5,8.473998123081843,15.77209304987921,4.991978278612082,0.5372779691498676,-38.050208116545264
harmonic,1,angle_d3,-0.0555555555555555,0.5,8.473998123081843,15.77209304987921,4.991978278612082,0.5372779691498676,-38.050208116545264
harmonic,1,iqp_d1,-0.0555555555555555,0.5,14.239447402341703,15.77209304987921,4.991978278612082,0.9028254751800844,-38.050208116545264
harmonic,1,iqp_d2,-0.1111111111111111,0.5,18.783797168191388,15.77209304987921,4.991978278612082,1.1909514551294917,-80.55020811654526
harmonic,1,iqp_d3,-0.0555555555555555,0.5,20.59018055777617,15.77209304987921,4.991978278612082,1.3054818084486166,-38.050208116545264
harmonic,1,var_d2_e1,-0.0277777777777777,0.5,6.43661022564975,15.77209304987921,4.991978278612082,0.40810120795597543,-5.050208116545264
harmonic,1,var_d2_e03,-0.0277777777777777,0.5,4.966315110928305,15.77209304987921,4.991978278612082,0.3148799018127996,-5.050208116545264
harmonic,1,var_d3_e1,-0.0833333333333333,0.5,9.294279947752289,15.77209304987921,4.991978278612082,0.5892864008828218,-68.05020811654526
harmonic,1,highd_d2_f15,-0.0277777777777777,0.5,47.47057186616853,15.77209304987921,4.991978278612082,3.009782640518474,-5.050208116545264
harmonic,1,highd_d2_f30,-0.0277777777777777,0.5,55.610859053425095,15.77209304987921,4.991978278612082,3.5259022932185267,-5.050208116545264
harmonic,1,highd_d3_f15,-0.0277777777777777,0.5,47.47057186616856,15.77209304987921,4.991978278612082,3.0097826405184764,-5.050208116545264
harmonic,2,angle_d1,0.0,0.5833333333333334,10.063580024754168,21.81817890703464,5.349624099174214,0.4612474793443672,47.39574661810613
harmonic,2,angle_d2,0.0,0.5833333333333334,10.063580024754168,21.81817890703464,5.349624099174214,0.4612474793443672,47.39574661810613
harmonic,2,angle_d3,0.0,0.5833333333333334,10.063580024754168,21.81817890703464,5.349624099174214,0.4612474793443672,47.39574661810613
harmonic,2,iqp_d1,-0.1111111111111111,0.5833333333333334,16.187970959056074,21.81817890703464,5.349624099174214,0.7419487679531646,-53.10425338189387
harmonic,2,iqp_d2,0.0,0.5833333333333334,20.68227081389308,21.81817890703464,5.349624099174214,0.9479375387844438,47.39574661810613
harmonic,2,iqp_d3,0.0,0.5833333333333334,22.71539060961923,21.81817890703464,5.349624099174214,1.0411222085219638,47.39574661810613
harmonic,2,var_d2_e1,-0.0833333333333333,0.5833333333333334,7.857408153046945,21.81817890703464,5.349624099174214,0.36013125506609317,-40.60425338189387
harmonic,2,var_d2_e03,-0.25,0.5833333333333334,5.910576181080689,21.81817890703464,5.349624099174214,0.2709014444452555,-99.10425338189387
harmonic,2,var_d3_e1,0.0,0.5833333333333334,11.587539816551937,21.81817890703464,5.349624099174214,0.5310956457881033,47.39574661810613
harmonic,2,highd_d2_f15,-0.1388888888888889,0.5833333333333334,46.61215277384096,21.81817890703464,5.349624099174214,2.136390620521139,-64.10425338189387
harmonic,2,highd_d2_f30,-0.1111111111111111,0.5833333333333334,56.56091671164512,21.81817890703464,5.349624099174214,2.5923756951781476,-53.10425338189387
harmonic,2,highd_d3_f15,-0.1388888888888889,0.5833333333333334,46.61215277384096,21.81817890703464,5.349624099174214,2.136390620521139,-64.10425338189387
periodic_coupled,0,angle_d1,0.0,0.4722222222222222,10.09663842284534,21.708089175637376,5.346786551886293,0.4651094963335892,8.18723985431842
periodic_coupled,0,angle_d2,0.0,0.4722222222222222,10.09663842284534,21.708089175637376,5.346786551886293,0.4651094963335892,8.18723985431842
periodic_coupled,0,angle_d3,0.0,0.4722222222222222,10.09663842284534,21.708089175637376,5.346786551886293,0.4651094963335892,8.18723985431842
periodic_coupled,0,iqp_d1,0.0,0.4722222222222222,17.809458066989368,21.708089175637376,5.346786551886293,0.8204065278567505,8.18723985431842
periodic_coupled,0,iqp_d2,0.1666666666666666,0.4722222222222222,18.44072232549998,21.708089175637376,5.346786551886293,0.8494862065609945,45.68723985431842
periodic_coupled,0,iqp_d3,0.0833333333333333,0.4722222222222222,23.359388177551928,21.708089175637376,5.346786551886293,1.076068371958218,38.18723985431842
periodic_coupled,0,var_d2_e1,0.0,0.4722222222222222,7.463732353918718,21.708089175637376,5.346786551886293,0.343822631901436,8.18723985431842
periodic_coupled,0,var_d2_e03,0.0277777777777777,0.4722222222222222,5.216275176766732,21.708089175637376,5.346786551886293,0.24029177025036688,24.68723985431842
periodic_coupled,0,var_d3_e1,0.0277777777777777,0.4722222222222222,11.208026014969256,21.708089175637376,5.346786551886293,0.5163064295657969,24.68723985431842
periodic_coupled,0,highd_d2_f15,0.0,0.4722222222222222,46.2723404487568,21.708089175637376,5.346786551886293,2.1315713269082877,8.18723985431842
periodic_coupled,0,highd_d2_f30,-0.0833333333333333,0.4722222222222222,56.56777394518012,21.708089175637376,5.346786551886293,2.605838472815248,-79.81276014568158
periodic_coupled,0,highd_d3_f15,0.0,0.4722222222222222,46.27234044875682,21.708089175637376,5.346786551886293,2.1315713269082885,8.18723985431842
periodic_coupled,1,angle_d1,0.0833333333333333,0.5,8.376931730667835,15.394748688373053,4.95990430946517,0.5441421552398934,49.949791883454736
periodic_coupled,1,angle_d2,0.0833333333333333,0.5,8.376931730667835,15.394748688373053,4.95990430946517,0.5441421552398934,49.949791883454736
periodic_coupled,1,angle_d3,0.0833333333333333,0.5,8.376931730667835,15.394748688373053,4.95990430946517,0.5441421552398934,49.949791883454736
periodic_coupled,1,iqp_d1,-0.0833333333333333,0.5,14.15114790801956,15.394748688373053,4.95990430946517,0.919219156770469,-68.05020811654526
periodic_coupled,1,iqp_d2,-0.1111111111111111,0.5,18.848132105526247,15.394748688373053,4.95990430946517,1.2243221690108768,-80.55020811654526
periodic_coupled,1,iqp_d3,-0.0833333333333333,0.5,21.49844435949962,15.394748688373053,4.95990430946517,1.3964790718367757,-68.05020811654526
periodic_coupled,1,var_d2_e1,-0.1388888888888889,0.5,6.372303509516961,15.394748688373053,4.95990430946517,0.41392708893842933,-91.55020811654526
periodic_coupled,1,var_d2_e03,-0.0833333333333333,0.5,4.731166044432187,15.394748688373053,4.95990430946517,0.3073233698193085,-68.05020811654526
periodic_coupled,1,var_d3_e1,0.0,0.5,9.149606449879576,15.394748688373053,4.95990430946517,0.5943329530796339,19.949791883454736
periodic_coupled,1,highd_d2_f15,0.0833333333333333,0.5,45.81459210989021,15.394748688373053,4.95990430946517,2.9759883085647165,49.949791883454736
periodic_coupled,1,highd_d2_f30,-0.0277777777777777,0.5,55.39190845632388,15.394748688373053,4.95990430946517,3.5981041053407288,-5.050208116545264
periodic_coupled,1,highd_d3_f15,0.0833333333333333,0.5,45.8145921098902,15.394748688373053,4.95990430946517,2.975988308564716,49.949791883454736
periodic_coupled,2,angle_d1,-0.0555555555555555,0.5833333333333334,9.656870695028545,22.20797377885929,5.364013656190617,0.4348379906779847,-10.60425338189387
periodic_coupled,2,angle_d2,-0.0555555555555555,0.5833333333333334,9.656870695028545,22.20797377885929,5.364013656190617,0.4348379906779847,-10.60425338189387
periodic_coupled,2,angle_d3,-0.0555555555555555,0.5833333333333334,9.656870695028545,22.20797377885929,5.364013656190617,0.4348379906779847,-10.60425338189387
periodic_coupled,2,iqp_d1,-0.0833333333333333,0.5833333333333334,15.628055191891958,22.20797377885929,5.364013656190617,0.7037136907451217,-40.60425338189387
periodic_coupled,2,iqp_d2,-0.0833333333333333,0.5833333333333334,19.55485524689189,22.20797377885929,5.364013656190617,0.880533066258705,-40.60425338189387
periodic_coupled,2,iqp_d3,-0.1666666666666666,0.5833333333333334,23.74705050192481,22.20797377885929,5.364013656190617,1.0693028881604063,-72.60425338189387
periodic_coupled,2,var_d2_e1,-0.0555555555555555,0.5833333333333334,7.443057179654936,22.20797377885929,5.364013656190617,0.3351524661263918,-10.60425338189387
periodic_coupled,2,var_d2_e03,0.111111111111111,0.5833333333333334,5.313670220074192,22.20797377885929,5.364013656190617,0.23926857411604563,81.89574661810613
periodic_coupled,2,var_d3_e1,-0.0555555555555555,0.5833333333333334,11.034160361885265,22.20797377885929,5.364013656190617,0.4968557902562524,-10.60425338189387
periodic_coupled,2,highd_d2_f15,-0.0555555555555555,0.5833333333333334,46.73477065715284,22.20797377885929,5.364013656190617,2.104413987630049,-10.60425338189387
periodic_coupled,2,highd_d2_f30,-0.0555555555555555,0.5833333333333334,57.16237991369617,22.20797377885929,5.364013656190617,2.573957466039133,-10.60425338189387
periodic_coupled,2,highd_d3_f15,-0.0555555555555555,0.5833333333333334,46.73477065715287,22.20797377885929,5.364013656190617,2.1044139876300503,-10.60425338189387
cross_high,0,angle_d1,-0.2222222222222222,0.8888888888888888,9.979267987940824,21.708089175637376,5.346786551886293,0.45970273602618095,-31.291493236212318
cross_high,0,angle_d2,-0.2222222222222222,0.8888888888888888,9.979267987940824,21.708089175637376,5.346786551886293,0.45970273602618095,-31.291493236212318
cross_high,0,angle_d3,-0.2222222222222222,0.8888888888888888,9.979267987940824,21.708089175637376,5.346786551886293,0.45970273602618095,-31.291493236212318
cross_high,0,iqp_d1,-0.2777777777777777,0.8888888888888888,19.919839270225594,21.708089175637376,5.346786551886293,0.9176228782301713,-44.29149323621232
cross_high,0,iqp_d2,-0.2222222222222222,0.8888888888888888,22.395259683647865,21.708089175637376,5.346786551886293,1.0316550435393315,-31.291493236212318
cross_high,0,iqp_d3,-0.2222222222222222,0.8888888888888888,25.50794448587725,21.708089175637376,5.346786551886293,1.1750432882183102,-31.291493236212318
cross_high,0,var_d2_e1,-0.2222222222222222,0.8888888888888888,7.723016723262391,21.708089175637376,5.346786551886293,0.3557667678981991,-31.291493236212318
cross_high,0,var_d2_e03,-0.25,0.8888888888888888,5.33323870905502,21.708089175637376,5.346786551886293,0.2456797862725027,-40.29149323621232
cross_high,0,var_d3_e1,-0.3333333333333332,0.8888888888888888,11.407033120708975,21.708089175637376,5.346786551886293,0.5254738465654958,-62.29149323621232
cross_high,0,highd_d2_f15,-0.361111111111111,0.8888888888888888,46.8027854704131,21.708089175637376,5.346786551886293,2.1560066891073526,-65.29149323621232
cross_high,0,highd_d2_f30,-0.3333333333333332,0.8888888888888888,55.885485187889074,21.708089175637376,5.346786551886293,2.574408310917039,-62.29149323621232
cross_high,0,highd_d3_f15,-0.361111111111111,0.8888888888888888,46.80278547041311,21.708089175637376,5.346786551886293,2.1560066891073535,-65.29149323621232
cross_high,1,angle_d1,-0.0555555555555555,0.7777777777777778,8.146576295493263,15.394748688373053,4.95990430946517,0.5291789077171489,36.44595473465138
cross_high,1,angle_d2,-0.0555555555555555,0.7777777777777778,8.146576295493263,15.394748688373053,4.95990430946517,0.5291789077171489,36.44595473465138
cross_high,1,angle_d3,-0.0555555555555555,0.7777777777777778,8.146576295493263,15.394748688373053,4.95990430946517,0.5291789077171489,36.44595473465138
cross_high,1,iqp_d1,-0.0277777777777777,0.7777777777777778,13.450971482365317,15.394748688373053,4.95990430946517,0.8737376461704904,69.44595473465138
cross_high,1,iqp_d2,-0.0833333333333333,0.7777777777777778,17.559029592628903,15.394748688373053,4.95990430946517,1.1405856599588684,6.44595473465138
cross_high,1,iqp_d3,-0.25,0.7777777777777778,20.15174733107552,15.394748688373053,4.95990430946517,1.3090013834584522,-52.05404526534862
cross_high,1,var_d2_e1,-0.0555555555555555,0.7777777777777778,6.320443550211453,15.394748688373053,4.95990430946517,0.4105584104133505,36.44595473465138
cross_high,1,var_d2_e03,-0.1666666666666666,0.7777777777777778,5.112171877220318,15.394748688373053,4.95990430946517,0.3320724476055466,-25.55404526534862
cross_high,1,var_d3_e1,-0.1388888888888889,0.7777777777777778,8.99613775328125,15.394748688373053,4.95990430946517,0.5843640539631296,-17.05404526534862
cross_high,1,highd_d2_f15,-0.3055555555555556,0.7777777777777778,47.27664513684645,15.394748688373053,4.95990430946517,3.070959201338072,-70.05404526534862
cross_high,1,highd_d2_f30,-0.2777777777777778,0.7777777777777778,53.98051837081797,15.394748688373053,4.95990430946517,3.5064241361463067,-60.55404526534862
cross_high,1,highd_d3_f15,-0.3055555555555556,0.7777777777777778,47.27664513684645,15.394748688373053,4.95990430946517,3.070959201338072,-70.05404526534862
cross_high,2,angle_d1,-0.1388888888888888,0.9166666666666666,9.17105841641642,22.20797377885929,5.364013656190617,0.41296241195794,11.971058792923998
cross_high,2,angle_d2,-0.1388888888888888,0.9166666666666666,9.17105841641642,22.20797377885929,5.364013656190617,0.41296241195794,11.971058792923998
cross_high,2,angle_d3,-0.1388888888888888,0.9166666666666666,9.17105841641642,22.20797377885929,5.364013656190617,0.41296241195794,11.971058792923998
cross_high,2,iqp_d1,-0.3055555555555554,0.9166666666666666,15.264384562211855,22.20797377885929,5.364013656190617,0.687338012653035,-42.528941207076
cross_high,2,iqp_d2,-0.2777777777777778,0.9166666666666666,19.703975406415704,22.20797377885929,5.364013656190617,0.8872477787763219,-37.028941207076
cross_high,2,iqp_d3,-0.25,0.9166666666666666,21.19507882271425,22.20797377885929,5.364013656190617,0.9543904830656249,-28.528941207076002
cross_high,2,var_d2_e1,-0.2777777777777778,0.9166666666666666,6.806516489455143,22.20797377885929,5.364013656190617,0.3064897571130309,-37.028941207076
cross_high,2,var_d2_e03,-0.25,0.9166666666666666,5.092785724771907,22.20797377885929,5.364013656190617,0.22932239453650402,-28.528941207076002
cross_high,2,var_d3_e1,-0.361111111111111,0.9166666666666666,10.00010529019078,22.20797377885929,5.364013656190617,0.4502934571955548,-53.528941207076
cross_high,2,highd_d2_f15,-0.2777777777777778,0.9166666666666666,45.53583332144796,22.20797377885929,5.364013656190617,2.050427192272509,-37.028941207076
cross_high,2,highd_d2_f30,-0.3888888888888888,0.9166666666666666,56.52560836675911,22.20797377885929,5.364013656190617,2.5452843618073895,-56.028941207076
cross_high,2,highd_d3_f15,-0.2777777777777778,0.9166666666666666,45.53583332144795,22.20797377885929,5.364013656190617,2.0504271922725086,-37.028941207076
quantum_friendly,0,angle_d1,-0.0555555555555554,0.6666666666666666,8.287748120226984,21.708089175637376,5.346786551886293,0.38178155862415497,41.183402705515064
quantum_friendly,0,angle_d2,-0.0555555555555554,0.6666666666666666,8.287748120226984,21.708089175637376,5.346786551886293,0.38178155862415497,41.183402705515064
quantum_friendly,0,angle_d3,-0.0555555555555554,0.6666666666666666,8.287748120226984,21.708089175637376,5.346786551886293,0.38178155862415497,41.183402705515064
quantum_friendly,0,iqp_d1,-0.0833333333333332,0.6666666666666666,15.665427077848136,21.708089175637376,5.346786551886293,0.7216400739420761,6.683402705515064
quantum_friendly,0,iqp_d2,-0.0277777777777777,0.6666666666666666,17.374591310032788,21.708089175637376,5.346786551886293,0.8003740527071356,57.683402705515064
quantum_friendly,0,iqp_d3,0.0555555555555555,0.6666666666666666,22.209454717441577,21.708089175637376,5.346786551886293,1.023095793358306,106.68340270551506
quantum_friendly,0,var_d2_e1,-0.111111111111111,0.6666666666666666,6.364752228992052,21.708089175637376,5.346786551886293,0.2931972582890947,-13.316597294484936
quantum_friendly,0,var_d2_e03,-0.0555555555555554,0.6666666666666666,4.52803415793573,21.708089175637376,5.346786551886293,0.2085874127980581,41.183402705515064
quantum_friendly,0,var_d3_e1,-0.111111111111111,0.6666666666666666,9.365564243318126,21.708089175637376,5.346786551886293,0.4314319960426983,-13.316597294484936
quantum_friendly,0,highd_d2_f15,-0.0833333333333332,0.6666666666666666,45.97105077318808,21.708089175637376,5.346786551886293,2.117692183832588,6.683402705515064
quantum_friendly,0,highd_d2_f30,-0.2222222222222222,0.6666666666666666,57.93532884687909,21.708089175637376,5.346786551886293,2.6688359522633127,-54.816597294484936
quantum_friendly,0,highd_d3_f15,-0.0833333333333332,0.6666666666666666,45.97105077318808,21.708089175637376,5.346786551886293,2.117692183832588,6.683402705515064
quantum_friendly,1,angle_d1,-0.0833333333333332,0.6666666666666666,8.807665253796433,15.394748688373053,4.95990430946517,0.5721214052976688,6.683402705515064
quantum_friendly,1,angle_d2,-0.0833333333333332,0.6666666666666666,8.807665253796433,15.394748688373053,4.95990430946517,0.5721214052976688,6.683402705515064
quantum_friendly,1,angle_d3,-0.0833333333333332,0.6666666666666666,8.807665253796433,15.394748688373053,4.95990430946517,0.5721214052976688,6.683402705515064
quantum_friendly,1,iqp_d1,0.0,0.6666666666666666,14.232485680697009,15.394748688373053,4.95990430946517,0.9245026319556715,82.68340270551506
quantum_friendly,1,iqp_d2,-0.0277777777777777,0.6666666666666666,19.111389456493573,15.394748688373053,4.95990430946517,1.241422633350782,57.683402705515064
quantum_friendly,1,iqp_d3,-0.0555555555555554,0.6666666666666666,22.008831304900056,15.394748688373053,4.95990430946517,1.429632386368367,41.183402705515064
quantum_friendly,1,var_d2_e1,-0.2499999999999999,0.6666666666666666,6.535836483190619,15.394748688373053,4.95990430946517,0.4245497354644598,-59.816597294484936
quantum_friendly,1,var_d2_e03,-0.0833333333333332,0.6666666666666666,4.9943518000296745,15.394748688373053,4.95990430946517,0.3244191835233841,6.683402705515064
quantum_friendly,1,var_d3_e1,-0.1388888888888888,0.6666666666666666,9.748534425515398,15.394748688373053,4.95990430946517,0.6332376463461219,-23.316597294484936
quantum_friendly,1,highd_d2_f15,-0.0277777777777777,0.6666666666666666,48.84294833733751,15.394748688373053,4.95990430946517,3.172701895044662,57.683402705515064
quantum_friendly,1,highd_d2_f30,-0.1388888888888888,0.6666666666666666,55.98153792707135,15.394748688373053,4.95990430946517,3.63640479362626,-23.316597294484936
quantum_friendly,1,highd_d3_f15,-0.0277777777777777,0.6666666666666666,48.84294833733749,15.394748688373053,4.95990430946517,3.1727018950446606,57.683402705515064
quantum_friendly,2,angle_d1,0.0277777777777777,0.5833333333333334,10.2656496863991,22.20797377885929,5.364013656190617,0.4622506217190965,63.89574661810613
quantum_friendly,2,angle_d2,0.0277777777777777,0.5833333333333334,10.2656496863991,22.20797377885929,5.364013656190617,0.4622506217190965,63.89574661810613
quantum_friendly,2,angle_d3,0.0277777777777777,0.5833333333333334,10.2656496863991,22.20797377885929,5.364013656190617,0.4622506217190965,63.89574661810613
quantum_friendly,2,iqp_d1,-0.0555555555555555,0.5833333333333334,17.805935212660494,22.20797377885929,5.364013656190617,0.8017811705816545,-10.60425338189387
quantum_friendly,2,iqp_d2,-0.0833333333333333,0.5833333333333334,21.98884210456532,22.20797377885929,5.364013656190617,0.9901327479725966,-40.60425338189387
quantum_friendly,2,iqp_d3,0.0555555555555554,0.5833333333333334,23.473234920766757,22.20797377885929,5.364013656190617,1.0569732815117028,68.89574661810613
quantum_friendly,2,var_d2_e1,-0.0277777777777777,0.5833333333333334,7.807746378383732,22.20797377885929,5.364013656190617,0.35157400923339777,22.39574661810613
quantum_friendly,2,var_d2_e03,-0.1111111111111111,0.5833333333333334,5.67536527426165,22.20797377885929,5.364013656190617,0.2555552942729188,-53.10425338189387
quantum_friendly,2,var_d3_e1,-0.0277777777777777,0.5833333333333334,11.6397442885739,22.20797377885929,5.364013656190617,0.5241245511400173,22.39574661810613
quantum_friendly,2,highd_d2_f15,-0.0277777777777777,0.5833333333333334,45.56183630332024,22.20797377885929,5.364013656190617,2.0515980772047056,22.39574661810613
quantum_friendly,2,highd_d2_f30,-0.0555555555555555,0.5833333333333334,57.94815495362444,22.20797377885929,5.364013656190617,2.6093400294261757,-10.60425338189387
quantum_friendly,2,highd_d3_f15,-0.0277777777777777,0.5833333333333334,45.56183630332026,22.20797377885929,5.364013656190617,2.0515980772047064,22.39574661810613
noisy_harmonic,0,angle_d1,-0.0277777777777777,0.5555555555555556,9.962770812361246,22.120675142060342,5.363352377423789,0.45038276401509975,6.712343912591052
noisy_harmonic,0,angle_d2,-0.0277777777777777,0.5555555555555556,9.962770812361246,22.120675142060342,5.363352377423789,0.45038276401509975,6.712343912591052
noisy_harmonic,0,angle_d3,-0.0277777777777777,0.5555555555555556,9.962770812361246,22.120675142060342,5.363352377423789,0.45038276401509975,6.712343912591052
noisy_harmonic,0,iqp_d1,-0.0277777777777777,0.5555555555555556,17.423997051538993,22.120675142060342,5.363352377423789,0.787679261127475,6.712343912591052
noisy_harmonic,0,iqp_d2,-0.1388888888888889,0.5555555555555556,17.85975715970268,22.120675142060342,5.363352377423789,0.807378483929908,-79.78765608740895
noisy_harmonic,0,iqp_d3,-0.0555555555555555,0.5555555555555556,22.89645881383026,22.120675142060342,5.363352377423789,1.0350705241493665,-26.287656087408948
noisy_harmonic,0,var_d2_e1,-0.0277777777777777,0.5555555555555556,7.488226100894251,22.120675142060342,5.363352377423789,0.33851706843504553,6.712343912591052
noisy_harmonic,0,var_d2_e03,-0.0555555555555555,0.5555555555555556,5.2191801800397535,22.120675142060342,5.363352377423789,0.23594126971811918,-26.287656087408948
noisy_harmonic,0,var_d3_e1,-0.0833333333333333,0.5555555555555556,10.6054545111469,22.120675142060342,5.363352377423789,0.4794362940117341,-56.28765608740895
noisy_harmonic,0,highd_d2_f15,0.0555555555555555,0.5555555555555556,45.516278390970086,22.120675142060342,5.363352377423789,2.0576351353953592,55.71234391259105
noisy_harmonic,0,highd_d2_f30,-0.0277777777777777,0.5555555555555556,59.48256265210008,22.120675142060342,5.363352377423789,2.6890030376604415,6.712343912591052
noisy_harmonic,0,highd_d3_f15,0.0555555555555555,0.5555555555555556,45.51627839097009,22.120675142060342,5.363352377423789,2.0576351353953592,55.71234391259105
noisy_harmonic,1,angle_d1,0.0,0.4444444444444444,8.476056559770328,15.77209304987921,4.991978278612082,0.5374084804702088,0.3455385015608954
noisy_harmonic,1,angle_d2,0.0,0.4444444444444444,8.476056559770328,15.77209304987921,4.991978278612082,0.5374084804702088,0.3455385015608954
noisy_harmonic,1,angle_d3,0.0,0.4444444444444444,8.476056559770328,15.77209304987921,4.991978278612082,0.5374084804702088,0.3455385015608954
noisy_harmonic,1,iqp_d1,0.25,0.4444444444444444,13.726046297895522,15.77209304987921,4.991978278612082,0.8702742403615633,40.845538501560895
noisy_harmonic,1,iqp_d2,0.0277777777777777,0.4444444444444444,17.965150990994804,15.77209304987921,4.991978278612082,1.1390467285591108,16.845538501560895
noisy_harmonic,1,iqp_d3,0.0,0.4444444444444444,20.03166792794209,15.77209304987921,4.991978278612082,1.2700703619102414,0.3455385015608954
noisy_harmonic,1,var_d2_e1,0.0277777777777777,0.4444444444444444,6.672985288046437,15.77209304987921,4.991978278612082,0.42308812577653043,16.845538501560895
noisy_harmonic,1,var_d2_e03,0.0555555555555555,0.4444444444444444,5.252842775615117,15.77209304987921,4.991978278612082,0.33304665138628164,24.345538501560895
noisy_harmonic,1,var_d3_e1,0.1388888888888889,0.4444444444444444,9.390669729985891,15.77209304987921,4.991978278612082,0.5953978143730143,36.845538501560895
noisy_harmonic,1,highd_d2_f15,0.1666666666666667,0.4444444444444444,46.53520305628713,15.77209304987921,4.991978278612082,2.950477334182575,39.345538501560895
noisy_harmonic,1,highd_d2_f30,0.1111111111111111,0.4444444444444444,54.09806809855053,15.77209304987921,4.991978278612082,3.4299866179755285,35.845538501560895
noisy_harmonic,1,highd_d3_f15,0.1666666666666667,0.4444444444444444,46.53520305628712,15.77209304987921,4.991978278612082,2.9504773341825747,39.345538501560895
noisy_harmonic,2,angle_d1,-0.0833333333333332,0.6388888888888888,10.012557552495304,21.81817890703464,5.349624099174214,0.4589089490538115,-9.000000000000014
noisy_harmonic,2,angle_d2,-0.0833333333333332,0.6388888888888888,10.012557552495304,21.81817890703464,5.349624099174214,0.4589089490538115,-9.000000000000014
noisy_harmonic,2,angle_d3,-0.0833333333333332,0.6388888888888888,10.012557552495304,21.81817890703464,5.349624099174214,0.4589089490538115,-9.000000000000014
noisy_harmonic,2,iqp_d1,0.0,0.6388888888888888,17.700287291566063,21.81817890703464,5.349624099174214,0.8112632757750061,66.99999999999999
noisy_harmonic,2,iqp_d2,0.0277777777777777,0.6388888888888888,21.1900778595168,21.81817890703464,5.349624099174214,0.9712120314809901,83.49999999999999
noisy_harmonic,2,iqp_d3,-0.0555555555555554,0.6388888888888888,22.86455811157415,21.81817890703464,5.349624099174214,1.0479590532737881,25.499999999999986
noisy_harmonic,2,var_d2_e1,-0.111111111111111,0.6388888888888888,7.621360585209799,21.81817890703464,5.349624099174214,0.3493124067633579,-29.000000000000014
noisy_harmonic,2,var_d2_e03,-0.1666666666666666,0.6388888888888888,5.564341129775726,21.81817890703464,5.349624099174214,0.25503233580973456,-53.000000000000014
noisy_harmonic,2,var_d3_e1,0.0277777777777777,0.6388888888888888,11.533726195304874,21.81817890703464,5.349624099174214,0.5286291878185195,83.49999999999999
noisy_harmonic,2,highd_d2_f15,0.0833333333333333,0.6388888888888888,47.02576688138978,21.81817890703464,5.349624099174214,2.155347936313222,96.99999999999999
noisy_harmonic,2,highd_d2_f30,-0.0555555555555554,0.6388888888888888,55.87003128469169,21.81817890703464,5.349624099174214,2.560710108884386,25.499999999999986
noisy_harmonic,2,highd_d3_f15,0.0833333333333333,0.6388888888888888,47.025766881389785,21.81817890703464,5.349624099174214,2.1553479363132224,96.99999999999999
real_breast_cancer,0,angle_d1,-0.0277777777777777,1.0,7.3036491029466015,65.04785449339666,6.441409715969685,0.11228116837716812,108.65446149843908
real_breast_cancer,0,angle_d2,-0.0277777777777777,1.0,7.3036491029466015,65.04785449339666,6.441409715969685,0.11228116837716812,108.65446149843908
real_breast_cancer,0,angle_d3,-0.0277777777777777,1.0,7.3036491029466015,65.04785449339666,6.441409715969685,0.11228116837716812,108.65446149843908
real_breast_cancer,0,iqp_d1,-0.0833333333333333,1.0,11.59524029582119,65.04785449339666,6.441409715969685,0.17825707528905943,45.654461498439076
real_breast_cancer,0,iqp_d2,-0.1944444444444444,1.0,13.973741790648145,65.04785449339666,6.441409715969685,0.21482248568347004,5.654461498439076
real_breast_cancer,0,iqp_d3,-0.2777777777777778,1.0,18.578567684910087,65.04785449339666,6.441409715969685,0.2856138427562756,-21.345538501560924
real_breast_cancer,0,var_d2_e1,-0.3055555555555556,1.0,6.004431171038358,65.04785449339666,6.441409715969685,0.09230790496937756,-30.845538501560924
real_breast_cancer,0,var_d2_e03,-0.3888888888888888,1.0,4.588528239589809,65.04785449339666,6.441409715969685,0.07054080838370486,-40.345538501560924
real_breast_cancer,0,var_d3_e1,-0.2222222222222222,1.0,8.556700600818543,65.04785449339666,6.441409715969685,0.1315447014733926,-3.845538501560924
real_breast_cancer,0,highd_d2_f15,-0.1666666666666666,1.0,44.64651203898995,65.04785449339666,6.441409715969685,0.6863640989653585,13.654461498439076
real_breast_cancer,0,highd_d2_f30,-0.1666666666666666,1.0,53.03246694943721,65.04785449339666,6.441409715969685,0.8152838761933463,13.654461498439076
real_breast_cancer,0,highd_d3_f15,-0.1666666666666666,1.0,44.64651203898999,65.04785449339666,6.441409715969685,0.6863640989653592,13.654461498439076
real_breast_cancer,1,angle_d1,-0.0555555555555555,0.9444444444444444,6.919494150172706,66.43748327003539,6.476063744251388,0.10415045558014889,67.81276014568155
real_breast_cancer,1,angle_d2,-0.0555555555555555,0.9444444444444444,6.919494150172706,66.43748327003539,6.476063744251388,0.10415045558014889,67.81276014568155
real_breast_cancer,1,angle_d3,-0.0555555555555555,0.9444444444444444,6.919494150172706,66.43748327003539,6.476063744251388,0.10415045558014889,67.81276014568155
real_breast_cancer,1,iqp_d1,-0.0833333333333332,0.9444444444444444,10.164635331208377,66.43748327003539,6.476063744251388,0.15299549036037655,49.81276014568155
real_breast_cancer,1,iqp_d2,-0.2777777777777778,0.9444444444444444,11.54646690546984,66.43748327003539,6.476063744251388,0.17379446567142204,-29.18723985431845
real_breast_cancer,1,iqp_d3,-0.3055555555555556,0.9444444444444444,16.70398771524176,66.43748327003539,6.476063744251388,0.2514241493367282,-38.68723985431845
real_breast_cancer,1,var_d2_e1,-0.3333333333333332,0.9444444444444444,5.57737509656425,66.43748327003539,6.476063744251388,0.08394922296943412,-42.68723985431845
real_breast_cancer,1,var_d2_e03,-0.3055555555555556,0.9444444444444444,4.334534861866378,66.43748327003539,6.476063744251388,0.06524230974025078,-38.68723985431845
real_breast_cancer,1,var_d3_e1,-0.1944444444444444,0.9444444444444444,7.949138092448643,66.43748327003539,6.476063744251388,0.11964839276255157,-2.187239854318449
real_breast_cancer,1,highd_d2_f15,-0.1666666666666666,0.9444444444444444,44.71677643630234,66.43748327003539,6.476063744251388,0.6730654780306901,5.812760145681551
real_breast_cancer,1,highd_d2_f30,-0.2777777777777778,0.9444444444444444,54.91234622160344,66.43748327003539,6.476063744251388,0.8265265858794202,-29.18723985431845
real_breast_cancer,1,highd_d3_f15,-0.1666666666666666,0.9444444444444444,44.716776436302304,66.43748327003539,6.476063744251388,0.6730654780306895,5.812760145681551
real_breast_cancer,2,angle_d1,0.0,0.8888888888888888,7.079418333211437,61.97823212726125,6.418909168982021,0.11422427020304667,106.20850676378768
real_breast_cancer,2,angle_d2,0.0,0.8888888888888888,7.079418333211437,61.97823212726125,6.418909168982021,0.11422427020304667,106.20850676378768
real_breast_cancer,2,angle_d3,0.0,0.8888888888888888,7.079418333211437,61.97823212726125,6.418909168982021,0.11422427020304667,106.20850676378768
real_breast_cancer,2,iqp_d1,-0.0555555555555554,0.8888888888888888,10.17581532977163,61.97823212726125,6.418909168982021,0.1641836977356406,64.70850676378768
real_breast_cancer,2,iqp_d2,-0.1666666666666666,0.8888888888888888,11.57567912719822,61.97823212726125,6.418909168982021,0.1867700760394331,-13.791493236212318
real_breast_cancer,2,iqp_d3,-0.25,0.8888888888888888,17.045460169577606,61.97823212726125,6.418909168982021,0.27502333617031527,-40.29149323621232
real_breast_cancer,2,var_d2_e1,-0.1666666666666666,0.8888888888888888,6.1305149070595375,61.97823212726125,6.418909168982021,0.09891400087810859,-13.791493236212318
real_breast_cancer,2,var_d2_e03,-0.1944444444444444,0.8888888888888888,4.568977697439712,61.97823212726125,6.418909168982021,0.0737190710451071,-21.791493236212318
real_breast_cancer,2,var_d3_e1,-0.2222222222222222,0.8888888888888888,8.565717294085273,61.97823212726125,6.418909168982021,0.13820525368482758,-31.291493236212318
real_breast_cancer,2,highd_d2_f15,-0.3055555555555554,0.8888888888888888,44.59517721673691,61.97823212726125,6.418909168982021,0.719529674953759,-54.29149323621232
real_breast_cancer,2,highd_d2_f30,-0.25,0.8888888888888888,53.24687691051797,61.97823212726125,6.418909168982021,0.8591222286106032,-40.29149323621232
real_breast_cancer,2,highd_d3_f15,-0.3055555555555554,0.8888888888888888,44.59517721673688,61.97823212726125,6.418909168982021,0.7195296749537585,-54.29149323621232
