knob,fm_label,value,depth,seed,effective_rank,participation_ratio,spectral_entropy,concentration_index,rank_ratio,top5_energy,gap_ratio,power_law_exponent,rff_error,feature_map
freq_scale,high_dim,0.5,1,0,16.964347254546045,16.96434725454604,4.986914964091489,0.7879456593181744,1.0,0.43380071025516054,0.6847385176842199,1.5355702400992643,0.8115672741974761,high_dim
freq_scale,high_dim,0.5,1,1,16.964347254546045,16.96434725454604,4.986914964091489,0.7879456593181744,1.0,0.43380071025516054,0.6847385176842199,1.5355702400992643,0.8116814944238053,high_dim
freq_scale,high_dim,0.5,1,2,16.964347254546045,16.96434725454604,4.986914964091489,0.7879456593181744,1.0,0.43380071025516054,0.6847385176842199,1.5355702400992643,0.8607562404095428,high_dim
freq_scale,high_dim,0.5,2,0,16.964347254546045,16.964347254546045,4.986914964091488,0.7879456593181744,1.0,0.4338007102551606,0.6847385176842199,1.5355702400992652,0.8115672741974761,high_dim
freq_scale,high_dim,0.5,2,1,16.964347254546045,16.964347254546045,4.986914964091488,0.7879456593181744,1.0,0.4338007102551606,0.6847385176842199,1.5355702400992652,0.8116814944238053,high_dim
freq_scale,high_dim,0.5,2,2,16.964347254546045,16.964347254546045,4.986914964091488,0.7879456593181744,1.0,0.4338007102551606,0.6847385176842199,1.5355702400992652,0.8607562404095428,high_dim
freq_scale,high_dim,0.5,3,0,16.964347254546052,16.964347254546052,4.986914964091489,0.7879456593181744,1.0,0.4338007102551605,0.6847385176842198,1.5355702400992624,0.8115672741974761,high_dim
freq_scale,high_dim,0.5,3,1,16.964347254546052,16.964347254546052,4.986914964091489,0.7879456593181744,1.0,0.4338007102551605,0.6847385176842198,1.5355702400992624,0.8116814944238053,high_dim
freq_scale,high_dim,0.5,3,2,16.964347254546052,16.964347254546052,4.986914964091489,0.7879456593181744,1.0,0.4338007102551605,0.6847385176842198,1.5355702400992624,0.8607562404095428,high_dim
freq_scale,high_dim,1.0,1,0,36.11279727486419,36.11279727486419,5.715914172178442,0.5485900340641976,1.0,0.270828213256188,0.6399586796125272,0.9361481805354823,1.185266547529725,high_dim
freq_scale,high_dim,1.0,1,1,36.11279727486419,36.11279727486419,5.715914172178442,0.5485900340641976,1.0,0.270828213256188,0.6399586796125272,0.9361481805354823,1.3254359741780857,high_dim
freq_scale,high_dim,1.0,1,2,36.11279727486419,36.11279727486419,5.715914172178442,0.5485900340641976,1.0,0.270828213256188,0.6399586796125272,0.9361481805354823,1.166796860614598,high_dim
freq_scale,high_dim,1.0,2,0,36.11279727486419,36.11279727486419,5.715914172178443,0.5485900340641976,1.0,0.27082821325618794,0.6399586796125276,0.9361481805354818,1.1852665475297248,high_dim
freq_scale,high_dim,1.0,2,1,36.11279727486419,36.11279727486419,5.715914172178443,0.5485900340641976,1.0,0.27082821325618794,0.6399586796125276,0.9361481805354818,1.3254359741780857,high_dim
freq_scale,high_dim,1.0,2,2,36.11279727486419,36.11279727486419,5.715914172178443,0.5485900340641976,1.0,0.27082821325618794,0.6399586796125276,0.9361481805354818,1.166796860614598,high_dim
freq_scale,high_dim,1.0,3,0,36.112797274864185,36.11279727486419,5.715914172178442,0.5485900340641977,1.0,0.27082821325618794,0.6399586796125277,0.9361481805354817,1.1852665475297248,high_dim
freq_scale,high_dim,1.0,3,1,36.112797274864185,36.11279727486419,5.715914172178442,0.5485900340641977,1.0,0.27082821325618794,0.6399586796125277,0.9361481805354817,1.3254359741780857,high_dim
freq_scale,high_dim,1.0,3,2,36.112797274864185,36.11279727486419,5.715914172178442,0.5485900340641977,1.0,0.27082821325618794,0.6399586796125277,0.9361481805354817,1.166796860614598,high_dim
freq_scale,high_dim,2.0,1,0,50.01121079143007,50.01121079143007,5.969660834616327,0.3748598651071242,1.0,0.20045285624666648,0.602766001237018,0.7187424011545703,1.4261953869231325,high_dim
freq_scale,high_dim,2.0,1,1,50.01121079143007,50.01121079143007,5.969660834616327,0.3748598651071242,1.0,0.20045285624666648,0.602766001237018,0.7187424011545703,1.688041568875042,high_dim
freq_scale,high_dim,2.0,1,2,50.01121079143007,50.01121079143007,5.969660834616327,0.3748598651071242,1.0,0.20045285624666648,0.602766001237018,0.7187424011545703,1.4194853300132093,high_dim
freq_scale,high_dim,2.0,2,0,50.01121079143005,50.011210791430074,5.969660834616326,0.3748598651071243,1.0,0.2004528562466665,0.6027660012370181,0.7187424011545704,1.4261953869231325,high_dim
freq_scale,high_dim,2.0,2,1,50.01121079143005,50.011210791430074,5.969660834616326,0.3748598651071243,1.0,0.2004528562466665,0.6027660012370181,0.7187424011545704,1.6880415688750425,high_dim
freq_scale,high_dim,2.0,2,2,50.01121079143005,50.011210791430074,5.969660834616326,0.3748598651071243,1.0,0.2004528562466665,0.6027660012370181,0.7187424011545704,1.4194853300132093,high_dim
freq_scale,high_dim,2.0,3,0,50.01121079143009,50.011210791430074,5.9696608346163265,0.3748598651071239,1.0,0.20045285624666645,0.6027660012370181,0.7187424011545707,1.4261953869231325,high_dim
freq_scale,high_dim,2.0,3,1,50.01121079143009,50.011210791430074,5.9696608346163265,0.3748598651071239,1.0,0.20045285624666645,0.6027660012370181,0.7187424011545707,1.688041568875042,high_dim
freq_scale,high_dim,2.0,3,2,50.01121079143009,50.011210791430074,5.9696608346163265,0.3748598651071239,1.0,0.20045285624666645,0.6027660012370181,0.7187424011545707,1.4194853300132093,high_dim
freq_scale,high_dim,4.0,1,0,55.97501429746345,55.97501429746347,6.050846174697858,0.3003123212817068,1.0,0.1749350508861555,0.5855774028646794,0.6333651423814294,1.560664369544956,high_dim
freq_scale,high_dim,4.0,1,1,55.97501429746345,55.97501429746347,6.050846174697858,0.3003123212817068,1.0,0.1749350508861555,0.5855774028646794,0.6333651423814294,1.8703152231909388,high_dim
freq_scale,high_dim,4.0,1,2,55.97501429746345,55.97501429746347,6.050846174697858,0.3003123212817068,1.0,0.1749350508861555,0.5855774028646794,0.6333651423814294,1.5447909585128254,high_dim
freq_scale,high_dim,4.0,2,0,55.97501429746345,55.975014297463446,6.050846174697858,0.3003123212817068,1.0,0.17493505088615552,0.5855774028646792,0.6333651423814295,1.560664369544956,high_dim
freq_scale,high_dim,4.0,2,1,55.97501429746345,55.975014297463446,6.050846174697858,0.3003123212817068,1.0,0.17493505088615552,0.5855774028646792,0.6333651423814295,1.8703152231909388,high_dim
freq_scale,high_dim,4.0,2,2,55.97501429746345,55.975014297463446,6.050846174697858,0.3003123212817068,1.0,0.17493505088615552,0.5855774028646792,0.6333651423814295,1.5447909585128254,high_dim
freq_scale,high_dim,4.0,3,0,55.97501429746344,55.975014297463446,6.050846174697859,0.30031232128170704,1.0,0.17493505088615557,0.5855774028646792,0.6333651423814298,1.560664369544956,high_dim
freq_scale,high_dim,4.0,3,1,55.97501429746344,55.975014297463446,6.050846174697859,0.30031232128170704,1.0,0.17493505088615557,0.5855774028646792,0.6333651423814298,1.8703152231909388,high_dim
freq_scale,high_dim,4.0,3,2,55.97501429746344,55.975014297463446,6.050846174697859,0.30031232128170704,1.0,0.17493505088615557,0.5855774028646792,0.6333651423814298,1.5447909585128254,high_dim
freq_scale,high_dim,8.0,1,0,57.32665457658184,57.32665457658185,6.070397498406042,0.283416817792727,1.0,0.1686276861306449,0.5645252571834961,0.6120203409358137,1.5839854351365459,high_dim
freq_scale,high_dim,8.0,1,1,57.32665457658184,57.32665457658185,6.070397498406042,0.283416817792727,1.0,0.1686276861306449,0.5645252571834961,0.6120203409358137,1.9045656617950395,high_dim
freq_scale,high_dim,8.0,1,2,57.32665457658184,57.32665457658185,6.070397498406042,0.283416817792727,1.0,0.1686276861306449,0.5645252571834961,0.6120203409358137,1.5574643081034436,high_dim
freq_scale,high_dim,8.0,2,0,57.326654576581845,57.32665457658186,6.070397498406042,0.283416817792727,1.0,0.16862768613064485,0.5645252571834958,0.6120203409358138,1.5839854351365459,high_dim
freq_scale,high_dim,8.0,2,1,57.326654576581845,57.32665457658186,6.070397498406042,0.283416817792727,1.0,0.16862768613064485,0.5645252571834958,0.6120203409358138,1.9045656617950395,high_dim
freq_scale,high_dim,8.0,2,2,57.326654576581845,57.32665457658186,6.070397498406042,0.283416817792727,1.0,0.16862768613064485,0.5645252571834958,0.6120203409358138,1.5574643081034436,high_dim
freq_scale,high_dim,8.0,3,0,57.32665457658186,57.32665457658184,6.0703974984060425,0.28341681779272676,1.0,0.1686276861306449,0.5645252571834961,0.6120203409358134,1.5839854351365459,high_dim
freq_scale,high_dim,8.0,3,1,57.32665457658186,57.32665457658184,6.0703974984060425,0.28341681779272676,1.0,0.1686276861306449,0.5645252571834961,0.6120203409358134,1.9045656617950395,high_dim
freq_scale,high_dim,8.0,3,2,57.32665457658186,57.32665457658184,6.0703974984060425,0.28341681779272676,1.0,0.1686276861306449,0.5645252571834961,0.6120203409358134,1.5574643081034436,high_dim
entangle,variational,0.0,1,0,8.063473961051583,8.063473961051582,4.0694325936458124,0.8992065754868552,1.0,0.5786200108276669,0.7948513244622668,2.844203968489385,0.6488666105368481,variational
entangle,variational,0.0,1,1,8.063473961051583,8.063473961051582,4.0694325936458124,0.8992065754868552,1.0,0.5786200108276669,0.7948513244622668,2.844203968489385,0.4669112816736267,variational
entangle,variational,0.0,1,2,8.063473961051583,8.063473961051582,4.0694325936458124,0.8992065754868552,1.0,0.5786200108276669,0.7948513244622668,2.844203968489385,0.7190481735912194,variational
entangle,variational,0.0,2,0,4.950073883787296,4.950073883787297,3.6109228768723804,0.9381240764526588,1.0,0.6397803936465636,0.8700958184346036,2.5042009295193184,0.8158552750950475,variational
entangle,variational,0.0,2,1,4.950073883787296,4.950073883787297,3.6109228768723804,0.9381240764526588,1.0,0.6397803936465636,0.8700958184346036,2.5042009295193184,0.69925065442903,variational
entangle,variational,0.0,2,2,4.950073883787296,4.950073883787297,3.6109228768723804,0.9381240764526588,1.0,0.6397803936465636,0.8700958184346036,2.5042009295193184,0.8727041051999971,variational
entangle,variational,0.0,3,0,9.309075562906456,9.309075562906454,4.367131992923364,0.8836365554636693,1.0,0.5262841346584723,0.8013563453173879,2.2303669362580725,0.7685319463969463,variational
entangle,variational,0.0,3,1,9.309075562906456,9.309075562906454,4.367131992923364,0.8836365554636693,1.0,0.5262841346584723,0.8013563453173879,2.2303669362580725,0.6679513842520436,variational
entangle,variational,0.0,3,2,9.309075562906456,9.309075562906454,4.367131992923364,0.8836365554636693,1.0,0.5262841346584723,0.8013563453173879,2.2303669362580725,0.8461950290419566,variational
entangle,variational,0.2,1,0,8.06347396105158,8.063473961051578,4.069432593645812,0.8992065754868552,1.0,0.5786200108276669,0.7948513244622668,2.8442039684893983,0.648866610536848,variational
entangle,variational,0.2,1,1,8.06347396105158,8.063473961051578,4.069432593645812,0.8992065754868552,1.0,0.5786200108276669,0.7948513244622668,2.8442039684893983,0.4669112816736267,variational
entangle,variational,0.2,1,2,8.06347396105158,8.063473961051578,4.069432593645812,0.8992065754868552,1.0,0.5786200108276669,0.7948513244622668,2.8442039684893983,0.7190481735912194,variational
entangle,variational,0.2,2,0,4.950073883787298,4.950073883787297,3.6109228768723813,0.9381240764526588,1.0,0.6397803936465635,0.8700958184346037,2.504200929519298,0.8158552750950474,variational
entangle,variational,0.2,2,1,4.950073883787298,4.950073883787297,3.6109228768723813,0.9381240764526588,1.0,0.6397803936465635,0.8700958184346037,2.504200929519298,0.6992506544290299,variational
entangle,variational,0.2,2,2,4.950073883787298,4.950073883787297,3.6109228768723813,0.9381240764526588,1.0,0.6397803936465635,0.8700958184346037,2.504200929519298,0.8727041051999967,variational
entangle,variational,0.2,3,0,9.30907556290646,9.30907556290646,4.3671319929233645,0.8836365554636693,1.0,0.5262841346584721,0.8013563453173879,2.2303669362580716,0.7685319463969463,variational
entangle,variational,0.2,3,1,9.30907556290646,9.30907556290646,4.3671319929233645,0.8836365554636693,1.0,0.5262841346584721,0.8013563453173879,2.2303669362580716,0.6679513842520436,variational
entangle,variational,0.2,3,2,9.30907556290646,9.30907556290646,4.3671319929233645,0.8836365554636693,1.0,0.5262841346584721,0.8013563453173879,2.2303669362580716,0.8461950290419566,variational
entangle,variational,0.5,1,0,8.06347396105158,8.06347396105158,4.069432593645813,0.8992065754868552,1.0,0.5786200108276668,0.7948513244622669,2.8442039684891394,0.648866610536848,variational
entangle,variational,0.5,1,1,8.06347396105158,8.06347396105158,4.069432593645813,0.8992065754868552,1.0,0.5786200108276668,0.7948513244622669,2.8442039684891394,0.4669112816736267,variational
entangle,variational,0.5,1,2,8.06347396105158,8.06347396105158,4.069432593645813,0.8992065754868552,1.0,0.5786200108276668,0.7948513244622669,2.8442039684891394,0.7190481735912194,variational
entangle,variational,0.5,2,0,4.950073883787297,4.950073883787297,3.61092287687238,0.9381240764526588,1.0,0.6397803936465636,0.8700958184346037,2.5042009295192997,0.8158552750950475,variational
entangle,variational,0.5,2,1,4.950073883787297,4.950073883787297,3.61092287687238,0.9381240764526588,1.0,0.6397803936465636,0.8700958184346037,2.5042009295192997,0.69925065442903,variational
entangle,variational,0.5,2,2,4.950073883787297,4.950073883787297,3.61092287687238,0.9381240764526588,1.0,0.6397803936465636,0.8700958184346037,2.5042009295192997,0.8727041051999971,variational
entangle,variational,0.5,3,0,9.309075562906449,9.309075562906454,4.367131992923364,0.8836365554636694,1.0,0.5262841346584722,0.8013563453173879,2.230366936258068,0.7685319463969463,variational
entangle,variational,0.5,3,1,9.309075562906449,9.309075562906454,4.367131992923364,0.8836365554636694,1.0,0.5262841346584722,0.8013563453173879,2.230366936258068,0.6679513842520436,variational
entangle,variational,0.5,3,2,9.309075562906449,9.309075562906454,4.367131992923364,0.8836365554636694,1.0,0.5262841346584722,0.8013563453173879,2.230366936258068,0.8461950290419566,variational
entangle,variational,0.8,1,0,8.06347396105158,8.063473961051578,4.0694325936458124,0.8992065754868552,1.0,0.5786200108276669,0.7948513244622669,2.844203968488885,0.648866610536848,variational
entangle,variational,0.8,1,1,8.06347396105158,8.063473961051578,4.0694325936458124,0.8992065754868552,1.0,0.5786200108276669,0.7948513244622669,2.844203968488885,0.4669112816736267,variational
entangle,variational,0.8,1,2,8.06347396105158,8.063473961051578,4.0694325936458124,0.8992065754868552,1.0,0.5786200108276669,0.7948513244622669,2.844203968488885,0.7190481735912194,variational
entangle,variational,0.8,2,0,4.950073883787293,4.950073883787294,3.610922876872379,0.9381240764526588,1.0,0.6397803936465638,0.8700958184346037,2.504200929519312,0.8158552750950474,variational
entangle,variational,0.8,2,1,4.950073883787293,4.950073883787294,3.610922876872379,0.9381240764526588,1.0,0.6397803936465638,0.8700958184346037,2.504200929519312,0.6992506544290299,variational
entangle,variational,0.8,2,2,4.950073883787293,4.950073883787294,3.610922876872379,0.9381240764526588,1.0,0.6397803936465638,0.8700958184346037,2.504200929519312,0.8727041051999969,variational
entangle,variational,0.8,3,0,9.309075562906457,9.309075562906461,4.3671319929233645,0.8836365554636693,1.0,0.5262841346584722,0.8013563453173879,2.2303669362580574,0.7685319463969461,variational
entangle,variational,0.8,3,1,9.309075562906457,9.309075562906461,4.3671319929233645,0.8836365554636693,1.0,0.5262841346584722,0.8013563453173879,2.2303669362580574,0.6679513842520436,variational
entangle,variational,0.8,3,2,9.309075562906457,9.309075562906461,4.3671319929233645,0.8836365554636693,1.0,0.5262841346584722,0.8013563453173879,2.2303669362580574,0.8461950290419566,variational
entangle,variational,1.0,1,0,8.422868995583638,8.422868995583636,4.1179265152893985,0.8947141375552046,1.0,0.5585518431606487,0.7874025353324595,2.9043385144146643,0.6485974199956499,variational
entangle,variational,1.0,1,1,8.422868995583638,8.422868995583636,4.1179265152893985,0.8947141375552046,1.0,0.5585518431606487,0.7874025353324595,2.9043385144146643,0.4979826768768868,variational
entangle,variational,1.0,1,2,8.422868995583638,8.422868995583636,4.1179265152893985,0.8947141375552046,1.0,0.5585518431606487,0.7874025353324595,2.9043385144146643,0.7397301611245333,variational
entangle,variational,1.0,2,0,6.944865222580367,6.9448652225803675,4.038777521947424,0.9131891847177455,1.0,0.5857696028733927,0.8229125898750796,2.3679547337536864,0.7585046369322163,variational
entangle,variational,1.0,2,1,6.944865222580367,6.9448652225803675,4.038777521947424,0.9131891847177455,1.0,0.5857696028733927,0.8229125898750796,2.3679547337536864,0.6410515069088573,variational
entangle,variational,1.0,2,2,6.944865222580367,6.9448652225803675,4.038777521947424,0.9131891847177455,1.0,0.5857696028733927,0.8229125898750796,2.3679547337536864,0.8400061068610679,variational
entangle,variational,1.0,3,0,10.033688090897346,10.033688090897343,4.457272492449209,0.8745788988637831,1.0,0.5021477060279177,0.8066409864796037,2.0667624949408916,0.776993159904249,variational
entangle,variational,1.0,3,1,10.033688090897346,10.033688090897343,4.457272492449209,0.8745788988637831,1.0,0.5021477060279177,0.8066409864796037,2.0667624949408916,0.701632675599909,variational
entangle,variational,1.0,3,2,10.033688090897346,10.033688090897343,4.457272492449209,0.8745788988637831,1.0,0.5021477060279177,0.8066409864796037,2.0667624949408916,0.8686525779500918,variational
depth,iqp,1.0,1,0,16.327125763386647,16.32712576338664,4.960204922759232,0.7959109279576669,1.0,0.4213115805990038,0.7548397363788807,1.8064735854694147,0.7147428266945507,iqp
depth,iqp,1.0,1,1,16.327125763386647,16.32712576338664,4.960204922759232,0.7959109279576669,1.0,0.4213115805990038,0.7548397363788807,1.8064735854694147,0.734550117489017,iqp
depth,iqp,1.0,1,2,16.327125763386647,16.32712576338664,4.960204922759232,0.7959109279576669,1.0,0.4213115805990038,0.7548397363788807,1.8064735854694147,0.801631871816963,iqp
depth,iqp,2.0,2,0,19.093835298845345,19.093835298845345,5.1217241109866976,0.7613270587644332,1.0,0.38658492124368593,0.7232340441853282,1.6601705324037765,0.8425921738595323,iqp
depth,iqp,2.0,2,1,19.093835298845345,19.093835298845345,5.1217241109866976,0.7613270587644332,1.0,0.38658492124368593,0.7232340441853282,1.6601705324037765,0.8967912735978848,iqp
depth,iqp,2.0,2,2,19.093835298845345,19.093835298845345,5.1217241109866976,0.7613270587644332,1.0,0.38658492124368593,0.7232340441853282,1.6601705324037765,0.9258404976234067,iqp
depth,iqp,3.0,3,0,23.96675790151964,23.96675790151965,5.316971321043541,0.7004155262310046,1.0,0.33698847881874167,0.7079781869032353,1.4251133340057038,0.9509256268963815,iqp
depth,iqp,3.0,3,1,23.96675790151964,23.96675790151965,5.316971321043541,0.7004155262310046,1.0,0.33698847881874167,0.7079781869032353,1.4251133340057038,1.067112075633441,iqp
depth,iqp,3.0,3,2,23.96675790151964,23.96675790151965,5.316971321043541,0.7004155262310046,1.0,0.33698847881874167,0.7079781869032353,1.4251133340057038,1.0112931614200085,iqp
depth,iqp,4.0,4,0,12.4364917769429,12.4364917769429,4.556963083380894,0.8445438527882138,1.0,0.5019055952955412,0.6935922368635663,2.1101689094459024,0.8878936839864443,iqp
depth,iqp,4.0,4,1,12.4364917769429,12.4364917769429,4.556963083380894,0.8445438527882138,1.0,0.5019055952955412,0.6935922368635663,2.1101689094459024,0.8742655414917485,iqp
depth,iqp,4.0,4,2,12.4364917769429,12.4364917769429,4.556963083380894,0.8445438527882138,1.0,0.5019055952955412,0.6935922368635663,2.1101689094459024,0.9477989264080517,iqp
depth,iqp,5.0,5,0,29.96187335600177,29.961873356001785,5.557610751420711,0.6254765830499779,1.0,0.2923381244095777,0.6795277909160422,1.1563845400482793,1.0510289110159259,iqp
depth,iqp,5.0,5,1,29.96187335600177,29.961873356001785,5.557610751420711,0.6254765830499779,1.0,0.2923381244095777,0.6795277909160422,1.1563845400482793,1.221998857084366,iqp
depth,iqp,5.0,5,2,29.96187335600177,29.961873356001785,5.557610751420711,0.6254765830499779,1.0,0.2923381244095777,0.6795277909160422,1.1563845400482793,1.1201870712963384,iqp
depth,angle,1.0,1,0,9.187956262644656,9.18795626264466,4.0518985341446205,0.8851505467169418,1.0,0.5937597516808153,0.7286103154775003,4.153871607892794,0.5774154814689076,angle
depth,angle,1.0,1,1,9.187956262644656,9.18795626264466,4.0518985341446205,0.8851505467169418,1.0,0.5937597516808153,0.7286103154775003,4.153871607892794,0.3894789278424428,angle
depth,angle,1.0,1,2,9.187956262644656,9.18795626264466,4.0518985341446205,0.8851505467169418,1.0,0.5937597516808153,0.7286103154775003,4.153871607892794,0.6478272553029731,angle
depth,angle,2.0,2,0,9.187956262644656,9.18795626264466,4.0518985341446205,0.8851505467169418,1.0,0.5937597516808153,0.7286103154775003,4.153871607892794,0.5774154814689076,angle
depth,angle,2.0,2,1,9.187956262644656,9.18795626264466,4.0518985341446205,0.8851505467169418,1.0,0.5937597516808153,0.7286103154775003,4.153871607892794,0.3894789278424428,angle
depth,angle,2.0,2,2,9.187956262644656,9.18795626264466,4.0518985341446205,0.8851505467169418,1.0,0.5937597516808153,0.7286103154775003,4.153871607892794,0.6478272553029731,angle
depth,angle,3.0,3,0,9.187956262644656,9.18795626264466,4.0518985341446205,0.8851505467169418,1.0,0.5937597516808153,0.7286103154775003,4.153871607892794,0.5774154814689076,angle
depth,angle,3.0,3,1,9.187956262644656,9.18795626264466,4.0518985341446205,0.8851505467169418,1.0,0.5937597516808153,0.7286103154775003,4.153871607892794,0.3894789278424428,angle
depth,angle,3.0,3,2,9.187956262644656,9.18795626264466,4.0518985341446205,0.8851505467169418,1.0,0.5937597516808153,0.7286103154775003,4.153871607892794,0.6478272553029731,angle
