task,seed,variant,TA,adv,best_classical,rank_q,adv_resid
harmonic,0,angle_d1,0.044200150245349665,-0.2222222222222221,0.6388888888888888,8.732078436035222,-64.50000000000001
harmonic,0,angle_d2,0.044200150245349665,-0.2222222222222221,0.6388888888888888,8.732078436035222,-64.50000000000001
harmonic,0,angle_d3,0.044200150245349665,-0.2222222222222221,0.6388888888888888,8.732078436035222,-64.50000000000001
harmonic,0,iqp_d1,0.07280820853365322,-0.1388888888888888,0.6388888888888888,16.7972769974216,-39.000000000000014
harmonic,0,iqp_d2,0.08111928765258077,0.0,0.6388888888888888,19.68642450210604,66.99999999999999
harmonic,0,iqp_d3,0.08044995410347991,-0.111111111111111,0.6388888888888888,22.86333378609152,-29.000000000000014
harmonic,0,var_d2_e03,0.08737371002628974,-0.0555555555555554,0.6388888888888888,4.528162179689993,25.499999999999986
harmonic,0,var_d2_e1,0.09215047533704006,-0.0833333333333332,0.6388888888888888,6.417526660351464,-9.000000000000014
harmonic,0,var_d3_e1,0.066988331811937,-0.0277777777777776,0.6388888888888888,9.464238190417811,54.499999999999986
harmonic,0,highd_d2_f15,0.0884777307173277,-0.1666666666666666,0.6388888888888888,43.56337543025231,-53.000000000000014
harmonic,0,highd_d3_f15,0.0884777307173277,-0.1666666666666666,0.6388888888888888,43.56337543025232,-53.000000000000014
harmonic,0,highd_d2_f30,0.09792475238184299,-0.1944444444444444,0.6388888888888888,54.59850293884072,-61.000000000000014
harmonic,1,angle_d1,0.033899478904737206,-0.0555555555555555,0.5,8.473998123081843,-38.050208116545264
harmonic,1,angle_d2,0.033899478904737206,-0.0555555555555555,0.5,8.473998123081843,-38.050208116545264
harmonic,1,angle_d3,0.033899478904737206,-0.0555555555555555,0.5,8.473998123081843,-38.050208116545264
harmonic,1,iqp_d1,0.036400074480382405,-0.0555555555555555,0.5,14.239447402341703,-38.050208116545264
harmonic,1,iqp_d2,0.058837073316085745,-0.1111111111111111,0.5,18.783797168191388,-80.55020811654526
harmonic,1,iqp_d3,0.045951946538017374,-0.0555555555555555,0.5,20.59018055777617,-38.050208116545264
harmonic,1,var_d2_e03,0.041796971668648264,-0.0277777777777777,0.5,4.966315110928305,-5.050208116545264
harmonic,1,var_d2_e1,0.04764079993830617,-0.0277777777777777,0.5,6.43661022564975,-5.050208116545264
harmonic,1,var_d3_e1,0.047425224407015174,-0.0833333333333333,0.5,9.294279947752289,-68.05020811654526
harmonic,1,highd_d2_f15,0.0804254131965897,-0.0277777777777777,0.5,47.47057186616853,-5.050208116545264
harmonic,1,highd_d3_f15,0.08042541319658972,-0.0277777777777777,0.5,47.47057186616856,-5.050208116545264
harmonic,1,highd_d2_f30,0.07956899345998762,-0.0277777777777777,0.5,55.610859053425095,-5.050208116545264
harmonic,2,angle_d1,0.029468542090758634,0.0,0.5833333333333334,10.063580024754168,47.39574661810613
harmonic,2,angle_d2,0.029468542090758634,0.0,0.5833333333333334,10.063580024754168,47.39574661810613
harmonic,2,angle_d3,0.029468542090758634,0.0,0.5833333333333334,10.063580024754168,47.39574661810613
harmonic,2,iqp_d1,0.05309402905123153,-0.1111111111111111,0.5833333333333334,16.187970959056074,-53.10425338189387
harmonic,2,iqp_d2,0.05727785730110966,0.0,0.5833333333333334,20.68227081389308,47.39574661810613
harmonic,2,iqp_d3,0.06537072234871466,0.0,0.5833333333333334,22.71539060961923,47.39574661810613
harmonic,2,var_d2_e03,0.020464121523161124,-0.25,0.5833333333333334,5.910576181080689,-99.10425338189387
harmonic,2,var_d2_e1,0.04907851431102631,-0.0833333333333333,0.5833333333333334,7.857408153046945,-40.60425338189387
harmonic,2,var_d3_e1,0.03920486649018692,0.0,0.5833333333333334,11.587539816551937,47.39574661810613
harmonic,2,highd_d2_f15,0.1110238832326322,-0.1388888888888889,0.5833333333333334,46.61215277384096,-64.10425338189387
harmonic,2,highd_d3_f15,0.1110238832326322,-0.1388888888888889,0.5833333333333334,46.61215277384096,-64.10425338189387
harmonic,2,highd_d2_f30,0.10142804896779596,-0.1111111111111111,0.5833333333333334,56.56091671164512,-53.10425338189387
periodic_coupled,0,angle_d1,0.05964034600067598,0.0,0.4722222222222222,10.09663842284534,8.18723985431842
periodic_coupled,0,angle_d2,0.05964034600067598,0.0,0.4722222222222222,10.09663842284534,8.18723985431842
periodic_coupled,0,angle_d3,0.05964034600067598,0.0,0.4722222222222222,10.09663842284534,8.18723985431842
periodic_coupled,0,iqp_d1,0.05468924753904302,0.0,0.4722222222222222,17.809458066989368,8.18723985431842
periodic_coupled,0,iqp_d2,0.061158497018854834,0.1666666666666666,0.4722222222222222,18.44072232549998,45.68723985431842
periodic_coupled,0,iqp_d3,0.07257128325450211,0.0833333333333333,0.4722222222222222,23.359388177551928,38.18723985431842
periodic_coupled,0,var_d2_e03,0.04372153293995567,0.0277777777777777,0.4722222222222222,5.216275176766732,24.68723985431842
periodic_coupled,0,var_d2_e1,0.03686524757942929,0.0,0.4722222222222222,7.463732353918718,8.18723985431842
periodic_coupled,0,var_d3_e1,0.04889135119823053,0.0277777777777777,0.4722222222222222,11.208026014969256,24.68723985431842
periodic_coupled,0,highd_d2_f15,0.10365711831281578,0.0,0.4722222222222222,46.2723404487568,8.18723985431842
periodic_coupled,0,highd_d3_f15,0.1036571183128158,0.0,0.4722222222222222,46.27234044875682,8.18723985431842
periodic_coupled,0,highd_d2_f30,0.09191733364516051,-0.0833333333333333,0.4722222222222222,56.56777394518012,-79.81276014568158
periodic_coupled,1,angle_d1,0.02614530504767994,0.0833333333333333,0.5,8.376931730667835,49.949791883454736
periodic_coupled,1,angle_d2,0.02614530504767994,0.0833333333333333,0.5,8.376931730667835,49.949791883454736
periodic_coupled,1,angle_d3,0.02614530504767994,0.0833333333333333,0.5,8.376931730667835,49.949791883454736
periodic_coupled,1,iqp_d1,0.03482832417895941,-0.0833333333333333,0.5,14.15114790801956,-68.05020811654526
periodic_coupled,1,iqp_d2,0.04986157221385054,-0.1111111111111111,0.5,18.848132105526247,-80.55020811654526
periodic_coupled,1,iqp_d3,0.05427005526343361,-0.0833333333333333,0.5,21.49844435949962,-68.05020811654526
periodic_coupled,1,var_d2_e03,0.03176036679158105,-0.0833333333333333,0.5,4.731166044432187,-68.05020811654526
periodic_coupled,1,var_d2_e1,0.028830340008565478,-0.1388888888888889,0.5,6.372303509516961,-91.55020811654526
periodic_coupled,1,var_d3_e1,0.033338113895037144,0.0,0.5,9.149606449879576,19.949791883454736
periodic_coupled,1,highd_d2_f15,0.07525573103693438,0.0833333333333333,0.5,45.81459210989021,49.949791883454736
periodic_coupled,1,highd_d3_f15,0.07525573103693439,0.0833333333333333,0.5,45.8145921098902,49.949791883454736
periodic_coupled,1,highd_d2_f30,0.09541712757851688,-0.0277777777777777,0.5,55.39190845632388,-5.050208116545264
periodic_coupled,2,angle_d1,0.08348109825980685,-0.0555555555555555,0.5833333333333334,9.656870695028545,-10.60425338189387
periodic_coupled,2,angle_d2,0.08348109825980685,-0.0555555555555555,0.5833333333333334,9.656870695028545,-10.60425338189387
periodic_coupled,2,angle_d3,0.08348109825980685,-0.0555555555555555,0.5833333333333334,9.656870695028545,-10.60425338189387
periodic_coupled,2,iqp_d1,0.05683990542918315,-0.0833333333333333,0.5833333333333334,15.628055191891958,-40.60425338189387
periodic_coupled,2,iqp_d2,0.08846852581758198,-0.0833333333333333,0.5833333333333334,19.55485524689189,-40.60425338189387
periodic_coupled,2,iqp_d3,0.07139662077456284,-0.1666666666666666,0.5833333333333334,23.74705050192481,-72.60425338189387
periodic_coupled,2,var_d2_e03,0.03572271790741824,0.111111111111111,0.5833333333333334,5.313670220074192,81.89574661810613
periodic_coupled,2,var_d2_e1,0.03917251053639925,-0.0555555555555555,0.5833333333333334,7.443057179654936,-10.60425338189387
periodic_coupled,2,var_d3_e1,0.04958421650773662,-0.0555555555555555,0.5833333333333334,11.034160361885265,-10.60425338189387
periodic_coupled,2,highd_d2_f15,0.0780311626133676,-0.0555555555555555,0.5833333333333334,46.73477065715284,-10.60425338189387
periodic_coupled,2,highd_d3_f15,0.07803116261336761,-0.0555555555555555,0.5833333333333334,46.73477065715287,-10.60425338189387
periodic_coupled,2,highd_d2_f30,0.09543061736527031,-0.0555555555555555,0.5833333333333334,57.16237991369617,-10.60425338189387
cross_high,0,angle_d1,0.16807417722412263,-0.2222222222222222,0.8888888888888888,9.979267987940824,-31.291493236212318
cross_high,0,angle_d2,0.16807417722412263,-0.2222222222222222,0.8888888888888888,9.979267987940824,-31.291493236212318
cross_high,0,angle_d3,0.16807417722412263,-0.2222222222222222,0.8888888888888888,9.979267987940824,-31.291493236212318
cross_high,0,iqp_d1,0.09474558315667277,-0.2777777777777777,0.8888888888888888,19.919839270225594,-44.29149323621232
cross_high,0,iqp_d2,0.09154164994599764,-0.2222222222222222,0.8888888888888888,22.395259683647865,-31.291493236212318
cross_high,0,iqp_d3,0.08734193915460159,-0.2222222222222222,0.8888888888888888,25.50794448587725,-31.291493236212318
cross_high,0,var_d2_e03,0.0745295255481394,-0.25,0.8888888888888888,5.33323870905502,-40.29149323621232
cross_high,0,var_d2_e1,0.11551675926807893,-0.2222222222222222,0.8888888888888888,7.723016723262391,-31.291493236212318
cross_high,0,var_d3_e1,0.06694786155825844,-0.3333333333333332,0.8888888888888888,11.407033120708975,-62.29149323621232
cross_high,0,highd_d2_f15,0.08831741777726711,-0.361111111111111,0.8888888888888888,46.8027854704131,-65.29149323621232
cross_high,0,highd_d3_f15,0.08831741777726711,-0.361111111111111,0.8888888888888888,46.80278547041311,-65.29149323621232
cross_high,0,highd_d2_f30,0.08257743222976896,-0.3333333333333332,0.8888888888888888,55.885485187889074,-62.29149323621232
cross_high,1,angle_d1,0.09640254930017167,-0.0555555555555555,0.7777777777777778,8.146576295493263,36.44595473465138
cross_high,1,angle_d2,0.09640254930017167,-0.0555555555555555,0.7777777777777778,8.146576295493263,36.44595473465138
cross_high,1,angle_d3,0.09640254930017167,-0.0555555555555555,0.7777777777777778,8.146576295493263,36.44595473465138
cross_high,1,iqp_d1,0.08287798180148725,-0.0277777777777777,0.7777777777777778,13.450971482365317,69.44595473465138
cross_high,1,iqp_d2,0.10369309245768182,-0.0833333333333333,0.7777777777777778,17.559029592628903,6.44595473465138
cross_high,1,iqp_d3,0.10062682550186833,-0.25,0.7777777777777778,20.15174733107552,-52.05404526534862
cross_high,1,var_d2_e03,0.07159208639633692,-0.1666666666666666,0.7777777777777778,5.112171877220318,-25.55404526534862
cross_high,1,var_d2_e1,0.08696818557367854,-0.0555555555555555,0.7777777777777778,6.320443550211453,36.44595473465138
cross_high,1,var_d3_e1,0.06910393664730627,-0.1388888888888889,0.7777777777777778,8.99613775328125,-17.05404526534862
cross_high,1,highd_d2_f15,0.10154777749763635,-0.3055555555555556,0.7777777777777778,47.27664513684645,-70.05404526534862
cross_high,1,highd_d3_f15,0.10154777749763637,-0.3055555555555556,0.7777777777777778,47.27664513684645,-70.05404526534862
cross_high,1,highd_d2_f30,0.0983466137007456,-0.2777777777777778,0.7777777777777778,53.98051837081797,-60.55404526534862
cross_high,2,angle_d1,0.13525164335187762,-0.1388888888888888,0.9166666666666666,9.17105841641642,11.971058792923998
cross_high,2,angle_d2,0.13525164335187762,-0.1388888888888888,0.9166666666666666,9.17105841641642,11.971058792923998
cross_high,2,angle_d3,0.13525164335187762,-0.1388888888888888,0.9166666666666666,9.17105841641642,11.971058792923998
cross_high,2,iqp_d1,0.10834290225033873,-0.3055555555555554,0.9166666666666666,15.264384562211855,-42.528941207076
cross_high,2,iqp_d2,0.10910179160376916,-0.2777777777777778,0.9166666666666666,19.703975406415704,-37.028941207076
cross_high,2,iqp_d3,0.08739606030566006,-0.25,0.9166666666666666,21.19507882271425,-28.528941207076002
cross_high,2,var_d2_e03,0.09504535188069747,-0.25,0.9166666666666666,5.092785724771907,-28.528941207076002
cross_high,2,var_d2_e1,0.14191976538670645,-0.2777777777777778,0.9166666666666666,6.806516489455143,-37.028941207076
cross_high,2,var_d3_e1,0.08592353256883782,-0.361111111111111,0.9166666666666666,10.00010529019078,-53.528941207076
cross_high,2,highd_d2_f15,0.09289866103178213,-0.2777777777777778,0.9166666666666666,45.53583332144796,-37.028941207076
cross_high,2,highd_d3_f15,0.09289866103178213,-0.2777777777777778,0.9166666666666666,45.53583332144795,-37.028941207076
cross_high,2,highd_d2_f30,0.09155306500213282,-0.3888888888888888,0.9166666666666666,56.52560836675911,-56.028941207076
quantum_friendly,0,angle_d1,0.09061166537843275,-0.0555555555555554,0.6666666666666666,8.287748120226984,41.183402705515064
quantum_friendly,0,angle_d2,0.09061166537843275,-0.0555555555555554,0.6666666666666666,8.287748120226984,41.183402705515064
quantum_friendly,0,angle_d3,0.09061166537843275,-0.0555555555555554,0.6666666666666666,8.287748120226984,41.183402705515064
quantum_friendly,0,iqp_d1,0.0984651942115497,-0.0833333333333332,0.6666666666666666,15.665427077848136,6.683402705515064
quantum_friendly,0,iqp_d2,0.067274742540196,-0.0277777777777777,0.6666666666666666,17.374591310032788,57.683402705515064
quantum_friendly,0,iqp_d3,0.08263794855200894,0.0555555555555555,0.6666666666666666,22.209454717441577,106.68340270551506
quantum_friendly,0,var_d2_e03,0.0817940958874563,-0.0555555555555554,0.6666666666666666,4.52803415793573,41.183402705515064
quantum_friendly,0,var_d2_e1,0.051999068319224975,-0.111111111111111,0.6666666666666666,6.364752228992052,-13.316597294484936
quantum_friendly,0,var_d3_e1,0.06923528809415991,-0.111111111111111,0.6666666666666666,9.365564243318126,-13.316597294484936
quantum_friendly,0,highd_d2_f15,0.0867978024697533,-0.0833333333333332,0.6666666666666666,45.97105077318808,6.683402705515064
quantum_friendly,0,highd_d3_f15,0.08679780246975333,-0.0833333333333332,0.6666666666666666,45.97105077318808,6.683402705515064
quantum_friendly,0,highd_d2_f30,0.09447496702763712,-0.2222222222222222,0.6666666666666666,57.93532884687909,-54.816597294484936
quantum_friendly,1,angle_d1,0.11683820264826394,-0.0833333333333332,0.6666666666666666,8.807665253796433,6.683402705515064
quantum_friendly,1,angle_d2,0.11683820264826394,-0.0833333333333332,0.6666666666666666,8.807665253796433,6.683402705515064
quantum_friendly,1,angle_d3,0.11683820264826394,-0.0833333333333332,0.6666666666666666,8.807665253796433,6.683402705515064
quantum_friendly,1,iqp_d1,0.07479646131014965,0.0,0.6666666666666666,14.232485680697009,82.68340270551506
quantum_friendly,1,iqp_d2,0.07631474415806072,-0.0277777777777777,0.6666666666666666,19.111389456493573,57.683402705515064
quantum_friendly,1,iqp_d3,0.10236518057433508,-0.0555555555555554,0.6666666666666666,22.008831304900056,41.183402705515064
quantum_friendly,1,var_d2_e03,0.05920401540044214,-0.0833333333333332,0.6666666666666666,4.9943518000296745,6.683402705515064
quantum_friendly,1,var_d2_e1,0.0480535502906181,-0.2499999999999999,0.6666666666666666,6.535836483190619,-59.816597294484936
quantum_friendly,1,var_d3_e1,0.05708133724738635,-0.1388888888888888,0.6666666666666666,9.748534425515398,-23.316597294484936
quantum_friendly,1,highd_d2_f15,0.08144325243528512,-0.0277777777777777,0.6666666666666666,48.84294833733751,57.683402705515064
quantum_friendly,1,highd_d3_f15,0.08144325243528512,-0.0277777777777777,0.6666666666666666,48.84294833733749,57.683402705515064
quantum_friendly,1,highd_d2_f30,0.09889109996548268,-0.1388888888888888,0.6666666666666666,55.98153792707135,-23.316597294484936
quantum_friendly,2,angle_d1,0.07777100321513992,0.0277777777777777,0.5833333333333334,10.2656496863991,63.89574661810613
quantum_friendly,2,angle_d2,0.07777100321513992,0.0277777777777777,0.5833333333333334,10.2656496863991,63.89574661810613
quantum_friendly,2,angle_d3,0.07777100321513992,0.0277777777777777,0.5833333333333334,10.2656496863991,63.89574661810613
quantum_friendly,2,iqp_d1,0.08165584205549843,-0.0555555555555555,0.5833333333333334,17.805935212660494,-10.60425338189387
quantum_friendly,2,iqp_d2,0.05773735983678489,-0.0833333333333333,0.5833333333333334,21.98884210456532,-40.60425338189387
quantum_friendly,2,iqp_d3,0.07670165524693823,0.0555555555555554,0.5833333333333334,23.473234920766757,68.89574661810613
quantum_friendly,2,var_d2_e03,0.062173204045424035,-0.1111111111111111,0.5833333333333334,5.67536527426165,-53.10425338189387
quantum_friendly,2,var_d2_e1,0.04089813336200793,-0.0277777777777777,0.5833333333333334,7.807746378383732,22.39574661810613
quantum_friendly,2,var_d3_e1,0.050288702540829774,-0.0277777777777777,0.5833333333333334,11.6397442885739,22.39574661810613
quantum_friendly,2,highd_d2_f15,0.08067138884091576,-0.0277777777777777,0.5833333333333334,45.56183630332024,22.39574661810613
quantum_friendly,2,highd_d3_f15,0.08067138884091576,-0.0277777777777777,0.5833333333333334,45.56183630332026,22.39574661810613
quantum_friendly,2,highd_d2_f30,0.12240597557320196,-0.0555555555555555,0.5833333333333334,57.94815495362444,-10.60425338189387
noisy_harmonic,0,angle_d1,0.020964711443228503,-0.0277777777777777,0.5555555555555556,9.962770812361246,6.712343912591052
noisy_harmonic,0,angle_d2,0.020964711443228503,-0.0277777777777777,0.5555555555555556,9.962770812361246,6.712343912591052
noisy_harmonic,0,angle_d3,0.020964711443228503,-0.0277777777777777,0.5555555555555556,9.962770812361246,6.712343912591052
noisy_harmonic,0,iqp_d1,0.039059607005268546,-0.0277777777777777,0.5555555555555556,17.423997051538993,6.712343912591052
noisy_harmonic,0,iqp_d2,0.046186233384854,-0.1388888888888889,0.5555555555555556,17.85975715970268,-79.78765608740895
noisy_harmonic,0,iqp_d3,0.04943886702074822,-0.0555555555555555,0.5555555555555556,22.89645881383026,-26.287656087408948
noisy_harmonic,0,var_d2_e03,0.027005539675364426,-0.0555555555555555,0.5555555555555556,5.2191801800397535,-26.287656087408948
noisy_harmonic,0,var_d2_e1,0.04589993610361645,-0.0277777777777777,0.5555555555555556,7.488226100894251,6.712343912591052
noisy_harmonic,0,var_d3_e1,0.03803009680722114,-0.0833333333333333,0.5555555555555556,10.6054545111469,-56.28765608740895
noisy_harmonic,0,highd_d2_f15,0.0817420920450463,0.0555555555555555,0.5555555555555556,45.516278390970086,55.71234391259105
noisy_harmonic,0,highd_d3_f15,0.0817420920450463,0.0555555555555555,0.5555555555555556,45.51627839097009,55.71234391259105
noisy_harmonic,0,highd_d2_f30,0.09687463333489936,-0.0277777777777777,0.5555555555555556,59.48256265210008,6.712343912591052
noisy_harmonic,1,angle_d1,0.04742331092785129,0.0,0.4444444444444444,8.476056559770328,0.3455385015608954
noisy_harmonic,1,angle_d2,0.04742331092785129,0.0,0.4444444444444444,8.476056559770328,0.3455385015608954
noisy_harmonic,1,angle_d3,0.04742331092785129,0.0,0.4444444444444444,8.476056559770328,0.3455385015608954
noisy_harmonic,1,iqp_d1,0.0579398439955969,0.25,0.4444444444444444,13.726046297895522,40.845538501560895
noisy_harmonic,1,iqp_d2,0.04685733894941898,0.0277777777777777,0.4444444444444444,17.965150990994804,16.845538501560895
noisy_harmonic,1,iqp_d3,0.04857521753319552,0.0,0.4444444444444444,20.03166792794209,0.3455385015608954
noisy_harmonic,1,var_d2_e03,0.0338046403595932,0.0555555555555555,0.4444444444444444,5.252842775615117,24.345538501560895
noisy_harmonic,1,var_d2_e1,0.04053725101005338,0.0277777777777777,0.4444444444444444,6.672985288046437,16.845538501560895
noisy_harmonic,1,var_d3_e1,0.046100786361879066,0.1388888888888889,0.4444444444444444,9.390669729985891,36.845538501560895
noisy_harmonic,1,highd_d2_f15,0.08080021715912236,0.1666666666666667,0.4444444444444444,46.53520305628713,39.345538501560895
noisy_harmonic,1,highd_d3_f15,0.0808002171591224,0.1666666666666667,0.4444444444444444,46.53520305628712,39.345538501560895
noisy_harmonic,1,highd_d2_f30,0.08548652450036015,0.1111111111111111,0.4444444444444444,54.09806809855053,35.845538501560895
noisy_harmonic,2,angle_d1,0.05287001585669291,-0.0833333333333332,0.6388888888888888,10.012557552495304,-9.000000000000014
noisy_harmonic,2,angle_d2,0.05287001585669291,-0.0833333333333332,0.6388888888888888,10.012557552495304,-9.000000000000014
noisy_harmonic,2,angle_d3,0.05287001585669291,-0.0833333333333332,0.6388888888888888,10.012557552495304,-9.000000000000014
noisy_harmonic,2,iqp_d1,0.057582081742475505,0.0,0.6388888888888888,17.700287291566063,66.99999999999999
noisy_harmonic,2,iqp_d2,0.06775305548556894,0.0277777777777777,0.6388888888888888,21.1900778595168,83.49999999999999
noisy_harmonic,2,iqp_d3,0.06668254635874601,-0.0555555555555554,0.6388888888888888,22.86455811157415,25.499999999999986
noisy_harmonic,2,var_d2_e03,0.027620701724796862,-0.1666666666666666,0.6388888888888888,5.564341129775726,-53.000000000000014
noisy_harmonic,2,var_d2_e1,0.07452304266806835,-0.111111111111111,0.6388888888888888,7.621360585209799,-29.000000000000014
noisy_harmonic,2,var_d3_e1,0.06107444660042074,0.0277777777777777,0.6388888888888888,11.533726195304874,83.49999999999999
noisy_harmonic,2,highd_d2_f15,0.06532151118829435,0.0833333333333333,0.6388888888888888,47.02576688138978,96.99999999999999
noisy_harmonic,2,highd_d3_f15,0.06532151118829434,0.0833333333333333,0.6388888888888888,47.025766881389785,96.99999999999999
noisy_harmonic,2,highd_d2_f30,0.09935784732150714,-0.0555555555555554,0.6388888888888888,55.87003128469169,25.499999999999986
real_breast_cancer,0,angle_d1,0.11881296829274854,-0.0277777777777777,1.0,7.3036491029466015,108.65446149843908
real_breast_cancer,0,angle_d2,0.11881296829274854,-0.0277777777777777,1.0,7.3036491029466015,108.65446149843908
real_breast_cancer,0,angle_d3,0.11881296829274854,-0.0277777777777777,1.0,7.3036491029466015,108.65446149843908
real_breast_cancer,0,iqp_d1,0.06551394957773238,-0.0833333333333333,1.0,11.59524029582119,45.654461498439076
real_breast_cancer,0,iqp_d2,0.10850303146603568,-0.1944444444444444,1.0,13.973741790648145,5.654461498439076
real_breast_cancer,0,iqp_d3,0.08356175133437023,-0.2777777777777778,1.0,18.578567684910087,-21.345538501560924
real_breast_cancer,0,var_d2_e03,0.15928939587589733,-0.3888888888888888,1.0,4.588528239589809,-40.345538501560924
real_breast_cancer,0,var_d2_e1,0.11465853935115435,-0.3055555555555556,1.0,6.004431171038358,-30.845538501560924
real_breast_cancer,0,var_d3_e1,0.12288214874697108,-0.2222222222222222,1.0,8.556700600818543,-3.845538501560924
real_breast_cancer,0,highd_d2_f15,0.12264475848566622,-0.1666666666666666,1.0,44.64651203898995,13.654461498439076
real_breast_cancer,0,highd_d3_f15,0.12264475848566624,-0.1666666666666666,1.0,44.64651203898999,13.654461498439076
real_breast_cancer,0,highd_d2_f30,0.09782396233494996,-0.1666666666666666,1.0,53.03246694943721,13.654461498439076
real_breast_cancer,1,angle_d1,0.11588442135262934,-0.0555555555555555,0.9444444444444444,6.919494150172706,67.81276014568155
real_breast_cancer,1,angle_d2,0.11588442135262934,-0.0555555555555555,0.9444444444444444,6.919494150172706,67.81276014568155
real_breast_cancer,1,angle_d3,0.11588442135262934,-0.0555555555555555,0.9444444444444444,6.919494150172706,67.81276014568155
real_breast_cancer,1,iqp_d1,0.09888623691333197,-0.0833333333333332,0.9444444444444444,10.164635331208377,49.81276014568155
real_breast_cancer,1,iqp_d2,0.11437032647863163,-0.2777777777777778,0.9444444444444444,11.54646690546984,-29.18723985431845
real_breast_cancer,1,iqp_d3,0.10038549092748264,-0.3055555555555556,0.9444444444444444,16.70398771524176,-38.68723985431845
real_breast_cancer,1,var_d2_e03,0.0957753882773323,-0.3055555555555556,0.9444444444444444,4.334534861866378,-38.68723985431845
real_breast_cancer,1,var_d2_e1,0.07857098870709499,-0.3333333333333332,0.9444444444444444,5.57737509656425,-42.68723985431845
real_breast_cancer,1,var_d3_e1,0.09080866474207805,-0.1944444444444444,0.9444444444444444,7.949138092448643,-2.187239854318449
real_breast_cancer,1,highd_d2_f15,0.11834733990536996,-0.1666666666666666,0.9444444444444444,44.71677643630234,5.812760145681551
real_breast_cancer,1,highd_d3_f15,0.11834733990536997,-0.1666666666666666,0.9444444444444444,44.716776436302304,5.812760145681551
real_breast_cancer,1,highd_d2_f30,0.09473922301451078,-0.2777777777777778,0.9444444444444444,54.91234622160344,-29.18723985431845
real_breast_cancer,2,angle_d1,0.11312637495916181,0.0,0.8888888888888888,7.079418333211437,106.20850676378768
real_breast_cancer,2,angle_d2,0.11312637495916181,0.0,0.8888888888888888,7.079418333211437,106.20850676378768
real_breast_cancer,2,angle_d3,0.11312637495916181,0.0,0.8888888888888888,7.079418333211437,106.20850676378768
real_breast_cancer,2,iqp_d1,0.072413556995957,-0.0555555555555554,0.8888888888888888,10.17581532977163,64.70850676378768
real_breast_cancer,2,iqp_d2,0.09000301078322252,-0.1666666666666666,0.8888888888888888,11.57567912719822,-13.791493236212318
real_breast_cancer,2,iqp_d3,0.07223249013803698,-0.25,0.8888888888888888,17.045460169577606,-40.29149323621232
real_breast_cancer,2,var_d2_e03,0.14086094169434185,-0.1944444444444444,0.8888888888888888,4.568977697439712,-21.791493236212318
real_breast_cancer,2,var_d2_e1,0.13588997600587727,-0.1666666666666666,0.8888888888888888,6.1305149070595375,-13.791493236212318
real_breast_cancer,2,var_d3_e1,0.10152134809370797,-0.2222222222222222,0.8888888888888888,8.565717294085273,-31.291493236212318
real_breast_cancer,2,highd_d2_f15,0.11599943834029058,-0.3055555555555554,0.8888888888888888,44.59517721673691,-54.29149323621232
real_breast_cancer,2,highd_d3_f15,0.11599943834029058,-0.3055555555555554,0.8888888888888888,44.59517721673688,-54.29149323621232
real_breast_cancer,2,highd_d2_f30,0.08582594835382674,-0.25,0.8888888888888888,53.24687691051797,-40.29149323621232
